# Fig. 1: CP growth rate gamma_1, Eq. (14); alpha = 3e10 s^-1, n_e0 = n_i0 = 1e25 cm^-3
k_cm-1,gamma1_theta20_s-1,gamma1_theta15_s-1,gamma1_theta10_s-1
0.00000000e+00,1.50000000e+10,1.50000000e+10,1.50000000e+10
1.00000000e+06,1.50000001e+10,1.50000001e+10,1.50000002e+10
1.49916528e+06,1.50000003e+10,1.50000003e+10,1.50000004e+10
1.99833055e+06,1.50000005e+10,1.50000005e+10,1.50000006e+10
2.49749583e+06,1.50000007e+10,1.50000008e+10,1.50000009e+10
2.99666110e+06,1.50000011e+10,1.50000012e+10,1.50000013e+10
3.49582638e+06,1.50000014e+10,1.50000016e+10,1.50000018e+10
3.99499165e+06,1.50000019e+10,1.50000021e+10,1.50000023e+10
4.49415693e+06,1.50000024e+10,1.50000027e+10,1.50000029e+10
4.99332220e+06,1.50000029e+10,1.50000033e+10,1.50000036e+10
5.49248748e+06,1.50000035e+10,1.50000040e+10,1.50000044e+10
5.99165275e+06,1.50000042e+10,1.50000048e+10,1.50000052e+10
6.49081803e+06,1.50000049e+10,1.50000056e+10,1.50000061e+10
6.98998331e+06,1.50000057e+10,1.50000065e+10,1.50000070e+10
7.48914858e+06,1.50000066e+10,1.50000074e+10,1.50000081e+10
7.98831386e+06,1.50000075e+10,1.50000085e+10,1.50000092e+10
8.48747913e+06,1.50000084e+10,1.50000095e+10,1.50000104e+10
8.98664441e+06,1.50000095e+10,1.50000107e+10,1.50000116e+10
9.48580968e+06,1.50000105e+10,1.50000119e+10,1.50000129e+10
9.98497496e+06,1.50000117e+10,1.50000132e+10,1.50000143e+10
1.04841402e+07,1.50000129e+10,1.50000146e+10,1.50000158e+10
1.09833055e+07,1.50000141e+10,1.50000160e+10,1.50000173e+10
1.14824708e+07,1.50000154e+10,1.50000175e+10,1.50000190e+10
1.19816361e+07,1.50000168e+10,1.50000190e+10,1.50000206e+10
1.24808013e+07,1.50000182e+10,1.50000206e+10,1.50000224e+10
1.29799666e+07,1.50000197e+10,1.50000223e+10,1.50000242e+10
1.34791319e+07,1.50000213e+10,1.50000240e+10,1.50000261e+10
1.39782972e+07,1.50000229e+10,1.50000259e+10,1.50000281e+10
1.44774624e+07,1.50000245e+10,1.50000277e+10,1.50000301e+10
1.49766277e+07,1.50000263e+10,1.50000297e+10,1.50000322e+10
1.54757930e+07,1.50000280e+10,1.50000317e+10,1.50000344e+10
1.59749583e+07,1.50000299e+10,1.50000338e+10,1.50000367e+10
1.64741235e+07,1.50000318e+10,1.50000359e+10,1.50000390e+10
1.69732888e+07,1.50000337e+10,1.50000381e+10,1.50000414e+10
1.74724541e+07,1.50000357e+10,1.50000404e+10,1.50000438e+10
1.79716194e+07,1.50000378e+10,1.50000427e+10,1.50000464e+10
1.84707846e+07,1.50000399e+10,1.50000451e+10,1.50000490e+10
1.89699499e+07,1.50000421e+10,1.50000476e+10,1.50000517e+10
1.94691152e+07,1.50000444e+10,1.50000502e+10,1.50000544e+10
1.99682805e+07,1.50000467e+10,1.50000528e+10,1.50000573e+10
2.04674457e+07,1.50000490e+10,1.50000554e+10,1.50000602e+10
2.09666110e+07,1.50000514e+10,1.50000582e+10,1.50000631e+10
2.14657763e+07,1.50000539e+10,1.50000610e+10,1.50000662e+10
2.19649416e+07,1.50000565e+10,1.50000638e+10,1.50000693e+10
2.24641068e+07,1.50000591e+10,1.50000668e+10,1.50000725e+10
2.29632721e+07,1.50000617e+10,1.50000698e+10,1.50000757e+10
2.34624374e+07,1.50000644e+10,1.50000728e+10,1.50000790e+10
2.39616027e+07,1.50000672e+10,1.50000760e+10,1.50000824e+10
2.44607679e+07,1.50000700e+10,1.50000792e+10,1.50000859e+10
2.49599332e+07,1.50000729e+10,1.50000824e+10,1.50000895e+10
2.54590985e+07,1.50000759e+10,1.50000858e+10,1.50000931e+10
2.59582638e+07,1.50000789e+10,1.50000892e+10,1.50000968e+10
2.64574290e+07,1.50000819e+10,1.50000926e+10,1.50001005e+10
2.69565943e+07,1.50000850e+10,1.50000961e+10,1.50001043e+10
2.74557596e+07,1.50000882e+10,1.50000997e+10,1.50001082e+10
2.79549249e+07,1.50000915e+10,1.50001034e+10,1.50001122e+10
2.84540902e+07,1.50000948e+10,1.50001071e+10,1.50001162e+10
2.89532554e+07,1.50000981e+10,1.50001109e+10,1.50001204e+10
2.94524207e+07,1.50001015e+10,1.50001148e+10,1.50001245e+10
2.99515860e+07,1.50001050e+10,1.50001187e+10,1.50001288e+10
3.04507513e+07,1.50001085e+10,1.50001227e+10,1.50001331e+10
3.09499165e+07,1.50001121e+10,1.50001267e+10,1.50001375e+10
3.14490818e+07,1.50001157e+10,1.50001309e+10,1.50001420e+10
3.19482471e+07,1.50001195e+10,1.50001350e+10,1.50001465e+10
3.24474124e+07,1.50001232e+10,1.50001393e+10,1.50001512e+10
3.29465776e+07,1.50001270e+10,1.50001436e+10,1.50001558e+10
3.34457429e+07,1.50001309e+10,1.50001480e+10,1.50001606e+10
3.39449082e+07,1.50001348e+10,1.50001525e+10,1.50001654e+10
3.44440735e+07,1.50001388e+10,1.50001570e+10,1.50001703e+10
3.49432387e+07,1.50001429e+10,1.50001616e+10,1.50001753e+10
3.54424040e+07,1.50001470e+10,1.50001662e+10,1.50001804e+10
3.59415693e+07,1.50001512e+10,1.50001709e+10,1.50001855e+10
3.64407346e+07,1.50001554e+10,1.50001757e+10,1.50001907e+10
3.69398998e+07,1.50001597e+10,1.50001805e+10,1.50001959e+10
3.74390651e+07,1.50001640e+10,1.50001855e+10,1.50002012e+10
3.79382304e+07,1.50001684e+10,1.50001904e+10,1.50002066e+10
3.84373957e+07,1.50001729e+10,1.50001955e+10,1.50002121e+10
3.89365609e+07,1.50001774e+10,1.50002006e+10,1.50002177e+10
3.94357262e+07,1.50001820e+10,1.50002058e+10,1.50002233e+10
3.99348915e+07,1.50001866e+10,1.50002110e+10,1.50002290e+10
4.04340568e+07,1.50001913e+10,1.50002163e+10,1.50002347e+10
4.09332220e+07,1.50001961e+10,1.50002217e+10,1.50002406e+10
4.14323873e+07,1.50002009e+10,1.50002271e+10,1.50002465e+10
4.19315526e+07,1.50002058e+10,1.50002326e+10,1.50002524e+10
4.24307179e+07,1.50002107e+10,1.50002382e+10,1.50002585e+10
4.29298831e+07,1.50002157e+10,1.50002438e+10,1.50002646e+10
4.34290484e+07,1.50002207e+10,1.50002495e+10,1.50002708e+10
4.39282137e+07,1.50002258e+10,1.50002553e+10,1.50002770e+10
4.44273790e+07,1.50002310e+10,1.50002611e+10,1.50002834e+10
4.49265442e+07,1.50002362e+10,1.50002670e+10,1.50002898e+10
4.54257095e+07,1.50002415e+10,1.50002730e+10,1.50002962e+10
4.59248748e+07,1.50002468e+10,1.50002790e+10,1.50003028e+10
4.64240401e+07,1.50002522e+10,1.50002851e+10,1.50003094e+10
4.69232053e+07,1.50002577e+10,1.50002913e+10,1.50003161e+10
4.74223706e+07,1.50002632e+10,1.50002975e+10,1.50003229e+10
4.79215359e+07,1.50002688e+10,1.50003038e+10,1.50003297e+10
4.84207012e+07,1.50002744e+10,1.50003102e+10,1.50003366e+10
4.89198664e+07,1.50002801e+10,1.50003166e+10,1.50003436e+10
4.94190317e+07,1.50002858e+10,1.50003231e+10,1.50003506e+10
4.99181970e+07,1.50002916e+10,1.50003297e+10,1.50003577e+10
5.04173623e+07,1.50002975e+10,1.50003363e+10,1.50003649e+10
5.09165275e+07,1.50003034e+10,1.50003430e+10,1.50003722e+10
5.14156928e+07,1.50003094e+10,1.50003498e+10,1.50003795e+10
5.19148581e+07,1.50003154e+10,1.50003566e+10,1.50003869e+10
5.24140234e+07,1.50003215e+10,1.50003635e+10,1.50003944e+10
5.29131886e+07,1.50003277e+10,1.50003704e+10,1.50004019e+10
5.34123539e+07,1.50003339e+10,1.50003774e+10,1.50004096e+10
5.39115192e+07,1.50003401e+10,1.50003845e+10,1.50004173e+10
5.44106845e+07,1.50003465e+10,1.50003917e+10,1.50004250e+10
5.49098497e+07,1.50003528e+10,1.50003989e+10,1.50004329e+10
5.54090150e+07,1.50003593e+10,1.50004062e+10,1.50004408e+10
5.59081803e+07,1.50003658e+10,1.50004135e+10,1.50004487e+10
5.64073456e+07,1.50003724e+10,1.50004210e+10,1.50004568e+10
5.69065109e+07,1.50003790e+10,1.50004284e+10,1.50004649e+10
5.74056761e+07,1.50003857e+10,1.50004360e+10,1.50004731e+10
5.79048414e+07,1.50003924e+10,1.50004436e+10,1.50004814e+10
5.84040067e+07,1.50003992e+10,1.50004513e+10,1.50004897e+10
5.89031720e+07,1.50004060e+10,1.50004590e+10,1.50004981e+10
5.94023372e+07,1.50004129e+10,1.50004669e+10,1.50005066e+10
5.99015025e+07,1.50004199e+10,1.50004747e+10,1.50005151e+10
6.04006678e+07,1.50004269e+10,1.50004827e+10,1.50005237e+10
6.08998331e+07,1.50004340e+10,1.50004907e+10,1.50005324e+10
6.13989983e+07,1.50004412e+10,1.50004988e+10,1.50005412e+10
6.18981636e+07,1.50004484e+10,1.50005069e+10,1.50005500e+10
6.23973289e+07,1.50004556e+10,1.50005151e+10,1.50005589e+10
6.28964942e+07,1.50004630e+10,1.50005234e+10,1.50005679e+10
6.33956594e+07,1.50004703e+10,1.50005317e+10,1.50005770e+10
6.38948247e+07,1.50004778e+10,1.50005401e+10,1.50005861e+10
6.43939900e+07,1.50004853e+10,1.50005486e+10,1.50005953e+10
6.48931553e+07,1.50004928e+10,1.50005571e+10,1.50006046e+10
6.53923205e+07,1.50005004e+10,1.50005658e+10,1.50006139e+10
6.58914858e+07,1.50005081e+10,1.50005744e+10,1.50006233e+10
6.63906511e+07,1.50005158e+10,1.50005832e+10,1.50006328e+10
6.68898164e+07,1.50005236e+10,1.50005920e+10,1.50006423e+10
6.73889816e+07,1.50005315e+10,1.50006008e+10,1.50006520e+10
6.78881469e+07,1.50005394e+10,1.50006098e+10,1.50006616e+10
6.83873122e+07,1.50005473e+10,1.50006188e+10,1.50006714e+10
6.88864775e+07,1.50005553e+10,1.50006278e+10,1.50006813e+10
6.93856427e+07,1.50005634e+10,1.50006370e+10,1.50006912e+10
6.98848080e+07,1.50005716e+10,1.50006462e+10,1.50007011e+10
7.03839733e+07,1.50005797e+10,1.50006554e+10,1.50007112e+10
7.08831386e+07,1.50005880e+10,1.50006648e+10,1.50007213e+10
7.13823038e+07,1.50005963e+10,1.50006741e+10,1.50007315e+10
7.18814691e+07,1.50006047e+10,1.50006836e+10,1.50007418e+10
7.23806344e+07,1.50006131e+10,1.50006931e+10,1.50007521e+10
7.28797997e+07,1.50006216e+10,1.50007027e+10,1.50007625e+10
7.33789649e+07,1.50006301e+10,1.50007124e+10,1.50007730e+10
7.38781302e+07,1.50006387e+10,1.50007221e+10,1.50007836e+10
7.43772955e+07,1.50006474e+10,1.50007319e+10,1.50007942e+10
7.48764608e+07,1.50006561e+10,1.50007418e+10,1.50008049e+10
7.53756260e+07,1.50006649e+10,1.50007517e+10,1.50008156e+10
7.58747913e+07,1.50006737e+10,1.50007617e+10,1.50008265e+10
7.63739566e+07,1.50006826e+10,1.50007717e+10,1.50008374e+10
7.68731219e+07,1.50006916e+10,1.50007819e+10,1.50008484e+10
7.73722871e+07,1.50007006e+10,1.50007920e+10,1.50008594e+10
7.78714524e+07,1.50007097e+10,1.50008023e+10,1.50008706e+10
7.83706177e+07,1.50007188e+10,1.50008126e+10,1.50008818e+10
7.88697830e+07,1.50007280e+10,1.50008230e+10,1.50008930e+10
7.93689482e+07,1.50007372e+10,1.50008334e+10,1.50009044e+10
7.98681135e+07,1.50007465e+10,1.50008440e+10,1.50009158e+10
8.03672788e+07,1.50007559e+10,1.50008545e+10,1.50009273e+10
8.08664441e+07,1.50007653e+10,1.50008652e+10,1.50009388e+10
8.13656093e+07,1.50007748e+10,1.50008759e+10,1.50009504e+10
8.18647746e+07,1.50007843e+10,1.50008867e+10,1.50009621e+10
8.23639399e+07,1.50007939e+10,1.50008975e+10,1.50009739e+10
8.28631052e+07,1.50008036e+10,1.50009085e+10,1.50009857e+10
8.33622705e+07,1.50008133e+10,1.50009194e+10,1.50009977e+10
8.38614357e+07,1.50008230e+10,1.50009305e+10,1.50010096e+10
8.43606010e+07,1.50008329e+10,1.50009416e+10,1.50010217e+10
8.48597663e+07,1.50008428e+10,1.50009528e+10,1.50010338e+10
8.53589316e+07,1.50008527e+10,1.50009640e+10,1.50010460e+10
8.58580968e+07,1.50008627e+10,1.50009753e+10,1.50010583e+10
8.63572621e+07,1.50008728e+10,1.50009867e+10,1.50010706e+10
8.68564274e+07,1.50008829e+10,1.50009981e+10,1.50010831e+10
8.73555927e+07,1.50008931e+10,1.50010096e+10,1.50010955e+10
8.78547579e+07,1.50009033e+10,1.50010212e+10,1.50011081e+10
8.83539232e+07,1.50009136e+10,1.50010328e+10,1.50011207e+10
8.88530885e+07,1.50009239e+10,1.50010445e+10,1.50011334e+10
8.93522538e+07,1.50009344e+10,1.50010563e+10,1.50011462e+10
8.98514190e+07,1.50009448e+10,1.50010682e+10,1.50011590e+10
9.03505843e+07,1.50009554e+10,1.50010801e+10,1.50011719e+10
9.08497496e+07,1.50009659e+10,1.50010920e+10,1.50011849e+10
9.13489149e+07,1.50009766e+10,1.50011041e+10,1.50011980e+10
9.18480801e+07,1.50009873e+10,1.50011162e+10,1.50012111e+10
9.23472454e+07,1.50009980e+10,1.50011283e+10,1.50012243e+10
9.28464107e+07,1.50010089e+10,1.50011406e+10,1.50012376e+10
9.33455760e+07,1.50010197e+10,1.50011529e+10,1.50012509e+10
9.38447412e+07,1.50010307e+10,1.50011652e+10,1.50012644e+10
9.43439065e+07,1.50010417e+10,1.50011776e+10,1.50012778e+10
9.48430718e+07,1.50010527e+10,1.50011901e+10,1.50012914e+10
9.53422371e+07,1.50010638e+10,1.50012027e+10,1.50013050e+10
9.58414023e+07,1.50010750e+10,1.50012153e+10,1.50013187e+10
9.63405676e+07,1.50010862e+10,1.50012280e+10,1.50013325e+10
9.68397329e+07,1.50010975e+10,1.50012408e+10,1.50013463e+10
9.73388982e+07,1.50011089e+10,1.50012536e+10,1.50013603e+10
9.78380634e+07,1.50011203e+10,1.50012665e+10,1.50013743e+10
9.83372287e+07,1.50011317e+10,1.50012795e+10,1.50013883e+10
9.88363940e+07,1.50011432e+10,1.50012925e+10,1.50014024e+10
9.93355593e+07,1.50011548e+10,1.50013056e+10,1.50014166e+10
9.98347245e+07,1.50011665e+10,1.50013187e+10,1.50014309e+10
1.00333890e+08,1.50011782e+10,1.50013319e+10,1.50014453e+10
1.00833055e+08,1.50011899e+10,1.50013452e+10,1.50014597e+10
1.01332220e+08,1.50012017e+10,1.50013586e+10,1.50014742e+10
1.01831386e+08,1.50012136e+10,1.50013720e+10,1.50014887e+10
1.02330551e+08,1.50012255e+10,1.50013855e+10,1.50015034e+10
1.02829716e+08,1.50012375e+10,1.50013990e+10,1.50015181e+10
1.03328881e+08,1.50012495e+10,1.50014127e+10,1.50015328e+10
1.03828047e+08,1.50012617e+10,1.50014263e+10,1.50015477e+10
1.04327212e+08,1.50012738e+10,1.50014401e+10,1.50015626e+10
1.04826377e+08,1.50012860e+10,1.50014539e+10,1.50015776e+10
1.05325543e+08,1.50012983e+10,1.50014678e+10,1.50015927e+10
1.05824708e+08,1.50013106e+10,1.50014817e+10,1.50016078e+10
1.06323873e+08,1.50013230e+10,1.50014957e+10,1.50016230e+10
1.06823038e+08,1.50013355e+10,1.50015098e+10,1.50016383e+10
1.07322204e+08,1.50013480e+10,1.50015240e+10,1.50016536e+10
1.07821369e+08,1.50013606e+10,1.50015382e+10,1.50016690e+10
1.08320534e+08,1.50013732e+10,1.50015525e+10,1.50016845e+10
1.08819699e+08,1.50013859e+10,1.50015668e+10,1.50017001e+10
1.09318865e+08,1.50013986e+10,1.50015812e+10,1.50017157e+10
1.09818030e+08,1.50014114e+10,1.50015957e+10,1.50017314e+10
1.10317195e+08,1.50014243e+10,1.50016102e+10,1.50017472e+10
1.10816361e+08,1.50014372e+10,1.50016248e+10,1.50017631e+10
1.11315526e+08,1.50014502e+10,1.50016395e+10,1.50017790e+10
1.11814691e+08,1.50014632e+10,1.50016542e+10,1.50017950e+10
1.12313856e+08,1.50014763e+10,1.50016690e+10,1.50018110e+10
1.12813022e+08,1.50014895e+10,1.50016839e+10,1.50018272e+10
1.13312187e+08,1.50015027e+10,1.50016988e+10,1.50018434e+10
1.13811352e+08,1.50015160e+10,1.50017138e+10,1.50018597e+10
1.14310518e+08,1.50015293e+10,1.50017289e+10,1.50018760e+10
1.14809683e+08,1.50015427e+10,1.50017440e+10,1.50018924e+10
1.15308848e+08,1.50015561e+10,1.50017592e+10,1.50019089e+10
1.15808013e+08,1.50015696e+10,1.50017745e+10,1.50019255e+10
1.16307179e+08,1.50015832e+10,1.50017898e+10,1.50019421e+10
1.16806344e+08,1.50015968e+10,1.50018052e+10,1.50019588e+10
1.17305509e+08,1.50016105e+10,1.50018207e+10,1.50019756e+10
1.17804674e+08,1.50016242e+10,1.50018362e+10,1.50019925e+10
1.18303840e+08,1.50016380e+10,1.50018518e+10,1.50020094e+10
1.18803005e+08,1.50016519e+10,1.50018675e+10,1.50020264e+10
1.19302170e+08,1.50016658e+10,1.50018832e+10,1.50020435e+10
1.19801336e+08,1.50016798e+10,1.50018990e+10,1.50020606e+10
1.20300501e+08,1.50016938e+10,1.50019149e+10,1.50020778e+10
1.20799666e+08,1.50017079e+10,1.50019308e+10,1.50020951e+10
1.21298831e+08,1.50017220e+10,1.50019468e+10,1.50021124e+10
1.21797997e+08,1.50017362e+10,1.50019629e+10,1.50021299e+10
1.22297162e+08,1.50017505e+10,1.50019790e+10,1.50021474e+10
1.22796327e+08,1.50017648e+10,1.50019952e+10,1.50021649e+10
1.23295492e+08,1.50017792e+10,1.50020114e+10,1.50021826e+10
1.23794658e+08,1.50017936e+10,1.50020277e+10,1.50022003e+10
1.24293823e+08,1.50018081e+10,1.50020441e+10,1.50022181e+10
1.24792988e+08,1.50018227e+10,1.50020606e+10,1.50022359e+10
1.25292154e+08,1.50018373e+10,1.50020771e+10,1.50022538e+10
1.25791319e+08,1.50018519e+10,1.50020937e+10,1.50022718e+10
1.26290484e+08,1.50018667e+10,1.50021103e+10,1.50022899e+10
1.26789649e+08,1.50018815e+10,1.50021271e+10,1.50023080e+10
1.27288815e+08,1.50018963e+10,1.50021438e+10,1.50023262e+10
1.27787980e+08,1.50019112e+10,1.50021607e+10,1.50023445e+10
1.28287145e+08,1.50019262e+10,1.50021776e+10,1.50023629e+10
1.28786311e+08,1.50019412e+10,1.50021946e+10,1.50023813e+10
1.29285476e+08,1.50019563e+10,1.50022116e+10,1.50023998e+10
1.29784641e+08,1.50019714e+10,1.50022287e+10,1.50024184e+10
1.30283806e+08,1.50019866e+10,1.50022459e+10,1.50024370e+10
1.30782972e+08,1.50020019e+10,1.50022632e+10,1.50024557e+10
1.31282137e+08,1.50020172e+10,1.50022805e+10,1.50024745e+10
1.31781302e+08,1.50020325e+10,1.50022979e+10,1.50024934e+10
1.32280467e+08,1.50020480e+10,1.50023153e+10,1.50025123e+10
1.32779633e+08,1.50020635e+10,1.50023328e+10,1.50025313e+10
1.33278798e+08,1.50020790e+10,1.50023504e+10,1.50025504e+10
1.33777963e+08,1.50020946e+10,1.50023680e+10,1.50025695e+10
1.34277129e+08,1.50021103e+10,1.50023857e+10,1.50025887e+10
1.34776294e+08,1.50021260e+10,1.50024035e+10,1.50026080e+10
1.35275459e+08,1.50021418e+10,1.50024214e+10,1.50026274e+10
1.35774624e+08,1.50021576e+10,1.50024393e+10,1.50026468e+10
1.36273790e+08,1.50021735e+10,1.50024572e+10,1.50026663e+10
1.36772955e+08,1.50021895e+10,1.50024753e+10,1.50026859e+10
1.37272120e+08,1.50022055e+10,1.50024934e+10,1.50027055e+10
1.37771285e+08,1.50022215e+10,1.50025115e+10,1.50027252e+10
1.38270451e+08,1.50022377e+10,1.50025298e+10,1.50027450e+10
1.38769616e+08,1.50022539e+10,1.50025481e+10,1.50027649e+10
1.39268781e+08,1.50022701e+10,1.50025664e+10,1.50027848e+10
1.39767947e+08,1.50022864e+10,1.50025849e+10,1.50028048e+10
1.40267112e+08,1.50023028e+10,1.50026034e+10,1.50028249e+10
1.40766277e+08,1.50023192e+10,1.50026219e+10,1.50028450e+10
1.41265442e+08,1.50023357e+10,1.50026406e+10,1.50028652e+10
1.41764608e+08,1.50023522e+10,1.50026593e+10,1.50028855e+10
1.42263773e+08,1.50023688e+10,1.50026780e+10,1.50029059e+10
1.42762938e+08,1.50023855e+10,1.50026969e+10,1.50029263e+10
1.43262104e+08,1.50024022e+10,1.50027158e+10,1.50029468e+10
1.43761269e+08,1.50024189e+10,1.50027347e+10,1.50029674e+10
1.44260434e+08,1.50024358e+10,1.50027537e+10,1.50029880e+10
1.44759599e+08,1.50024527e+10,1.50027728e+10,1.50030088e+10
1.45258765e+08,1.50024696e+10,1.50027920e+10,1.50030296e+10
1.45757930e+08,1.50024866e+10,1.50028112e+10,1.50030504e+10
1.46257095e+08,1.50025037e+10,1.50028305e+10,1.50030714e+10
1.46756260e+08,1.50025208e+10,1.50028499e+10,1.50030924e+10
1.47255426e+08,1.50025380e+10,1.50028693e+10,1.50031134e+10
1.47754591e+08,1.50025552e+10,1.50028888e+10,1.50031346e+10
1.48253756e+08,1.50025725e+10,1.50029083e+10,1.50031558e+10
1.48752922e+08,1.50025899e+10,1.50029280e+10,1.50031771e+10
1.49252087e+08,1.50026073e+10,1.50029476e+10,1.50031985e+10
1.49751252e+08,1.50026248e+10,1.50029674e+10,1.50032199e+10
1.50250417e+08,1.50026423e+10,1.50029872e+10,1.50032414e+10
1.50749583e+08,1.50026599e+10,1.50030071e+10,1.50032630e+10
1.51248748e+08,1.50026775e+10,1.50030271e+10,1.50032846e+10
1.51747913e+08,1.50026952e+10,1.50030471e+10,1.50033063e+10
1.52247078e+08,1.50027130e+10,1.50030672e+10,1.50033281e+10
1.52746244e+08,1.50027308e+10,1.50030873e+10,1.50033500e+10
1.53245409e+08,1.50027487e+10,1.50031075e+10,1.50033719e+10
1.53744574e+08,1.50027666e+10,1.50031278e+10,1.50033939e+10
1.54243740e+08,1.50027846e+10,1.50031482e+10,1.50034160e+10
1.54742905e+08,1.50028027e+10,1.50031686e+10,1.50034382e+10
1.55242070e+08,1.50028208e+10,1.50031890e+10,1.50034604e+10
1.55741235e+08,1.50028390e+10,1.50032096e+10,1.50034827e+10
1.56240401e+08,1.50028572e+10,1.50032302e+10,1.50035051e+10
1.56739566e+08,1.50028755e+10,1.50032509e+10,1.50035275e+10
1.57238731e+08,1.50028938e+10,1.50032716e+10,1.50035500e+10
1.57737896e+08,1.50029122e+10,1.50032924e+10,1.50035726e+10
1.58237062e+08,1.50029307e+10,1.50033133e+10,1.50035952e+10
1.58736227e+08,1.50029492e+10,1.50033342e+10,1.50036180e+10
1.59235392e+08,1.50029678e+10,1.50033553e+10,1.50036407e+10
1.59734558e+08,1.50029865e+10,1.50033763e+10,1.50036636e+10
1.60233723e+08,1.50030052e+10,1.50033975e+10,1.50036866e+10
1.60732888e+08,1.50030239e+10,1.50034187e+10,1.50037096e+10
1.61232053e+08,1.50030427e+10,1.50034399e+10,1.50037326e+10
1.61731219e+08,1.50030616e+10,1.50034613e+10,1.50037558e+10
1.62230384e+08,1.50030805e+10,1.50034827e+10,1.50037790e+10
1.62729549e+08,1.50030995e+10,1.50035042e+10,1.50038023e+10
1.63228715e+08,1.50031186e+10,1.50035257e+10,1.50038257e+10
1.63727880e+08,1.50031377e+10,1.50035473e+10,1.50038491e+10
1.64227045e+08,1.50031568e+10,1.50035690e+10,1.50038726e+10
1.64726210e+08,1.50031761e+10,1.50035907e+10,1.50038962e+10
1.65225376e+08,1.50031953e+10,1.50036125e+10,1.50039199e+10
1.65724541e+08,1.50032147e+10,1.50036344e+10,1.50039436e+10
1.66223706e+08,1.50032341e+10,1.50036563e+10,1.50039674e+10
1.66722871e+08,1.50032535e+10,1.50036783e+10,1.50039913e+10
1.67222037e+08,1.50032731e+10,1.50037004e+10,1.50040152e+10
1.67721202e+08,1.50032926e+10,1.50037225e+10,1.50040392e+10
1.68220367e+08,1.50033123e+10,1.50037447e+10,1.50040633e+10
1.68719533e+08,1.50033320e+10,1.50037669e+10,1.50040875e+10
1.69218698e+08,1.50033517e+10,1.50037893e+10,1.50041117e+10
1.69717863e+08,1.50033715e+10,1.50038117e+10,1.50041360e+10
1.70217028e+08,1.50033914e+10,1.50038341e+10,1.50041604e+10
1.70716194e+08,1.50034113e+10,1.50038567e+10,1.50041848e+10
1.71215359e+08,1.50034313e+10,1.50038792e+10,1.50042093e+10
1.71714524e+08,1.50034513e+10,1.50039019e+10,1.50042339e+10
1.72213689e+08,1.50034714e+10,1.50039246e+10,1.50042586e+10
1.72712855e+08,1.50034916e+10,1.50039474e+10,1.50042833e+10
1.73212020e+08,1.50035118e+10,1.50039703e+10,1.50043081e+10
1.73711185e+08,1.50035321e+10,1.50039932e+10,1.50043330e+10
1.74210351e+08,1.50035524e+10,1.50040162e+10,1.50043579e+10
1.74709516e+08,1.50035728e+10,1.50040392e+10,1.50043829e+10
1.75208681e+08,1.50035932e+10,1.50040624e+10,1.50044080e+10
1.75707846e+08,1.50036138e+10,1.50040855e+10,1.50044332e+10
1.76207012e+08,1.50036343e+10,1.50041088e+10,1.50044584e+10
1.76706177e+08,1.50036549e+10,1.50041321e+10,1.50044837e+10
1.77205342e+08,1.50036756e+10,1.50041555e+10,1.50045091e+10
1.77704508e+08,1.50036964e+10,1.50041789e+10,1.50045345e+10
1.78203673e+08,1.50037172e+10,1.50042025e+10,1.50045601e+10
1.78702838e+08,1.50037380e+10,1.50042260e+10,1.50045857e+10
1.79202003e+08,1.50037589e+10,1.50042497e+10,1.50046113e+10
1.79701169e+08,1.50037799e+10,1.50042734e+10,1.50046370e+10
1.80200334e+08,1.50038010e+10,1.50042972e+10,1.50046629e+10
1.80699499e+08,1.50038221e+10,1.50043210e+10,1.50046887e+10
1.81198664e+08,1.50038432e+10,1.50043449e+10,1.50047147e+10
1.81697830e+08,1.50038644e+10,1.50043689e+10,1.50047407e+10
1.82196995e+08,1.50038857e+10,1.50043930e+10,1.50047668e+10
1.82696160e+08,1.50039070e+10,1.50044171e+10,1.50047930e+10
1.83195326e+08,1.50039284e+10,1.50044413e+10,1.50048192e+10
1.83694491e+08,1.50039498e+10,1.50044655e+10,1.50048455e+10
1.84193656e+08,1.50039713e+10,1.50044898e+10,1.50048719e+10
1.84692821e+08,1.50039929e+10,1.50045142e+10,1.50048983e+10
1.85191987e+08,1.50040145e+10,1.50045386e+10,1.50049248e+10
1.85691152e+08,1.50040362e+10,1.50045631e+10,1.50049514e+10
1.86190317e+08,1.50040579e+10,1.50045877e+10,1.50049781e+10
1.86689482e+08,1.50040797e+10,1.50046123e+10,1.50050048e+10
1.87188648e+08,1.50041016e+10,1.50046371e+10,1.50050316e+10
1.87687813e+08,1.50041235e+10,1.50046618e+10,1.50050585e+10
1.88186978e+08,1.50041454e+10,1.50046867e+10,1.50050855e+10
1.88686144e+08,1.50041675e+10,1.50047116e+10,1.50051125e+10
1.89185309e+08,1.50041896e+10,1.50047365e+10,1.50051396e+10
1.89684474e+08,1.50042117e+10,1.50047616e+10,1.50051668e+10
1.90183639e+08,1.50042339e+10,1.50047867e+10,1.50051940e+10
1.90682805e+08,1.50042562e+10,1.50048118e+10,1.50052213e+10
1.91181970e+08,1.50042785e+10,1.50048371e+10,1.50052487e+10
1.91681135e+08,1.50043009e+10,1.50048624e+10,1.50052761e+10
1.92180301e+08,1.50043233e+10,1.50048877e+10,1.50053037e+10
1.92679466e+08,1.50043458e+10,1.50049132e+10,1.50053313e+10
1.93178631e+08,1.50043683e+10,1.50049387e+10,1.50053589e+10
1.93677796e+08,1.50043910e+10,1.50049642e+10,1.50053867e+10
1.94176962e+08,1.50044136e+10,1.50049899e+10,1.50054145e+10
1.94676127e+08,1.50044363e+10,1.50050156e+10,1.50054424e+10
1.95175292e+08,1.50044591e+10,1.50050413e+10,1.50054703e+10
1.95674457e+08,1.50044820e+10,1.50050672e+10,1.50054984e+10
1.96173623e+08,1.50045049e+10,1.50050930e+10,1.50055265e+10
1.96672788e+08,1.50045278e+10,1.50051190e+10,1.50055546e+10
1.97171953e+08,1.50045509e+10,1.50051450e+10,1.50055829e+10
1.97671119e+08,1.50045739e+10,1.50051711e+10,1.50056112e+10
1.98170284e+08,1.50045971e+10,1.50051973e+10,1.50056396e+10
1.98669449e+08,1.50046203e+10,1.50052235e+10,1.50056680e+10
1.99168614e+08,1.50046435e+10,1.50052498e+10,1.50056965e+10
1.99667780e+08,1.50046668e+10,1.50052762e+10,1.50057251e+10
2.00166945e+08,1.50046902e+10,1.50053026e+10,1.50057538e+10
2.00666110e+08,1.50047136e+10,1.50053291e+10,1.50057826e+10
2.01165275e+08,1.50047371e+10,1.50053556e+10,1.50058114e+10
2.01664441e+08,1.50047607e+10,1.50053822e+10,1.50058403e+10
2.02163606e+08,1.50047843e+10,1.50054089e+10,1.50058692e+10
2.02662771e+08,1.50048079e+10,1.50054357e+10,1.50058983e+10
2.03161937e+08,1.50048317e+10,1.50054625e+10,1.50059274e+10
2.03661102e+08,1.50048554e+10,1.50054894e+10,1.50059565e+10
2.04160267e+08,1.50048793e+10,1.50055163e+10,1.50059858e+10
2.04659432e+08,1.50049032e+10,1.50055434e+10,1.50060151e+10
2.05158598e+08,1.50049271e+10,1.50055704e+10,1.50060445e+10
2.05657763e+08,1.50049511e+10,1.50055976e+10,1.50060739e+10
2.06156928e+08,1.50049752e+10,1.50056248e+10,1.50061035e+10
2.06656093e+08,1.50049993e+10,1.50056521e+10,1.50061331e+10
2.07155259e+08,1.50050235e+10,1.50056794e+10,1.50061628e+10
2.07654424e+08,1.50050478e+10,1.50057068e+10,1.50061925e+10
2.08153589e+08,1.50050721e+10,1.50057343e+10,1.50062223e+10
2.08652755e+08,1.50050964e+10,1.50057619e+10,1.50062522e+10
2.09151920e+08,1.50051209e+10,1.50057895e+10,1.50062822e+10
2.09651085e+08,1.50051453e+10,1.50058172e+10,1.50063122e+10
2.10150250e+08,1.50051699e+10,1.50058449e+10,1.50063423e+10
2.10649416e+08,1.50051945e+10,1.50058727e+10,1.50063725e+10
2.11148581e+08,1.50052191e+10,1.50059006e+10,1.50064027e+10
2.11647746e+08,1.50052439e+10,1.50059285e+10,1.50064331e+10
2.12146912e+08,1.50052686e+10,1.50059565e+10,1.50064635e+10
2.12646077e+08,1.50052935e+10,1.50059846e+10,1.50064939e+10
2.13145242e+08,1.50053184e+10,1.50060128e+10,1.50065245e+10
2.13644407e+08,1.50053433e+10,1.50060410e+10,1.50065551e+10
2.14143573e+08,1.50053683e+10,1.50060692e+10,1.50065858e+10
2.14642738e+08,1.50053934e+10,1.50060976e+10,1.50066165e+10
2.15141903e+08,1.50054185e+10,1.50061260e+10,1.50066473e+10
2.15641068e+08,1.50054437e+10,1.50061545e+10,1.50066782e+10
2.16140234e+08,1.50054689e+10,1.50061830e+10,1.50067092e+10
2.16639399e+08,1.50054942e+10,1.50062116e+10,1.50067402e+10
2.17138564e+08,1.50055196e+10,1.50062403e+10,1.50067713e+10
2.17637730e+08,1.50055450e+10,1.50062690e+10,1.50068025e+10
2.18136895e+08,1.50055705e+10,1.50062978e+10,1.50068338e+10
2.18636060e+08,1.50055960e+10,1.50063267e+10,1.50068651e+10
2.19135225e+08,1.50056216e+10,1.50063556e+10,1.50068965e+10
2.19634391e+08,1.50056472e+10,1.50063846e+10,1.50069280e+10
2.20133556e+08,1.50056729e+10,1.50064137e+10,1.50069595e+10
2.20632721e+08,1.50056987e+10,1.50064428e+10,1.50069911e+10
2.21131886e+08,1.50057245e+10,1.50064720e+10,1.50070228e+10
2.21631052e+08,1.50057504e+10,1.50065013e+10,1.50070546e+10
2.22130217e+08,1.50057764e+10,1.50065306e+10,1.50070864e+10
2.22629382e+08,1.50058024e+10,1.50065600e+10,1.50071183e+10
2.23128548e+08,1.50058284e+10,1.50065895e+10,1.50071503e+10
2.23627713e+08,1.50058545e+10,1.50066190e+10,1.50071823e+10
2.24126878e+08,1.50058807e+10,1.50066486e+10,1.50072144e+10
2.24626043e+08,1.50059069e+10,1.50066782e+10,1.50072466e+10
2.25125209e+08,1.50059332e+10,1.50067080e+10,1.50072789e+10
2.25624374e+08,1.50059596e+10,1.50067378e+10,1.50073112e+10
2.26123539e+08,1.50059860e+10,1.50067676e+10,1.50073436e+10
2.26622705e+08,1.50060125e+10,1.50067975e+10,1.50073761e+10
2.27121870e+08,1.50060390e+10,1.50068275e+10,1.50074086e+10
2.27621035e+08,1.50060656e+10,1.50068576e+10,1.50074412e+10
2.28120200e+08,1.50060922e+10,1.50068877e+10,1.50074739e+10
2.28619366e+08,1.50061189e+10,1.50069179e+10,1.50075067e+10
2.29118531e+08,1.50061457e+10,1.50069482e+10,1.50075395e+10
2.29617696e+08,1.50061725e+10,1.50069785e+10,1.50075724e+10
2.30116861e+08,1.50061994e+10,1.50070089e+10,1.50076054e+10
2.30616027e+08,1.50062263e+10,1.50070393e+10,1.50076384e+10
2.31115192e+08,1.50062533e+10,1.50070698e+10,1.50076716e+10
2.31614357e+08,1.50062804e+10,1.50071004e+10,1.50077047e+10
2.32113523e+08,1.50063075e+10,1.50071311e+10,1.50077380e+10
2.32612688e+08,1.50063346e+10,1.50071618e+10,1.50077713e+10
2.33111853e+08,1.50063619e+10,1.50071926e+10,1.50078048e+10
2.33611018e+08,1.50063892e+10,1.50072234e+10,1.50078382e+10
2.34110184e+08,1.50064165e+10,1.50072544e+10,1.50078718e+10
2.34609349e+08,1.50064439e+10,1.50072853e+10,1.50079054e+10
2.35108514e+08,1.50064714e+10,1.50073164e+10,1.50079391e+10
2.35607679e+08,1.50064989e+10,1.50073475e+10,1.50079729e+10
2.36106845e+08,1.50065265e+10,1.50073787e+10,1.50080067e+10
2.36606010e+08,1.50065541e+10,1.50074099e+10,1.50080406e+10
2.37105175e+08,1.50065818e+10,1.50074413e+10,1.50080746e+10
2.37604341e+08,1.50066095e+10,1.50074726e+10,1.50081086e+10
2.38103506e+08,1.50066374e+10,1.50075041e+10,1.50081428e+10
2.38602671e+08,1.50066652e+10,1.50075356e+10,1.50081770e+10
2.39101836e+08,1.50066932e+10,1.50075672e+10,1.50082112e+10
2.39601002e+08,1.50067211e+10,1.50075988e+10,1.50082456e+10
2.40100167e+08,1.50067492e+10,1.50076305e+10,1.50082800e+10
2.40599332e+08,1.50067773e+10,1.50076623e+10,1.50083145e+10
2.41098497e+08,1.50068055e+10,1.50076941e+10,1.50083490e+10
2.41597663e+08,1.50068337e+10,1.50077261e+10,1.50083836e+10
2.42096828e+08,1.50068620e+10,1.50077580e+10,1.50084183e+10
2.42595993e+08,1.50068903e+10,1.50077901e+10,1.50084531e+10
2.43095159e+08,1.50069187e+10,1.50078222e+10,1.50084879e+10
2.43594324e+08,1.50069472e+10,1.50078543e+10,1.50085229e+10
2.44093489e+08,1.50069757e+10,1.50078866e+10,1.50085578e+10
2.44592654e+08,1.50070042e+10,1.50079189e+10,1.50085929e+10
2.45091820e+08,1.50070329e+10,1.50079513e+10,1.50086280e+10
2.45590985e+08,1.50070616e+10,1.50079837e+10,1.50086632e+10
2.46090150e+08,1.50070903e+10,1.50080162e+10,1.50086985e+10
2.46589316e+08,1.50071191e+10,1.50080488e+10,1.50087338e+10
2.47088481e+08,1.50071480e+10,1.50080814e+10,1.50087693e+10
2.47587646e+08,1.50071769e+10,1.50081141e+10,1.50088048e+10
2.48086811e+08,1.50072059e+10,1.50081469e+10,1.50088403e+10
2.48585977e+08,1.50072349e+10,1.50081797e+10,1.50088759e+10
2.49085142e+08,1.50072640e+10,1.50082126e+10,1.50089116e+10
2.49584307e+08,1.50072932e+10,1.50082456e+10,1.50089474e+10
2.50083472e+08,1.50073224e+10,1.50082786e+10,1.50089833e+10
2.50582638e+08,1.50073517e+10,1.50083117e+10,1.50090192e+10
2.51081803e+08,1.50073810e+10,1.50083449e+10,1.50090552e+10
2.51580968e+08,1.50074104e+10,1.50083781e+10,1.50090912e+10
2.52080134e+08,1.50074398e+10,1.50084114e+10,1.50091274e+10
2.52579299e+08,1.50074694e+10,1.50084448e+10,1.50091636e+10
2.53078464e+08,1.50074989e+10,1.50084782e+10,1.50091999e+10
2.53577629e+08,1.50075286e+10,1.50085117e+10,1.50092362e+10
2.54076795e+08,1.50075582e+10,1.50085453e+10,1.50092726e+10
2.54575960e+08,1.50075880e+10,1.50085789e+10,1.50093091e+10
2.55075125e+08,1.50076178e+10,1.50086126e+10,1.50093457e+10
2.55574290e+08,1.50076476e+10,1.50086464e+10,1.50093823e+10
2.56073456e+08,1.50076776e+10,1.50086802e+10,1.50094190e+10
2.56572621e+08,1.50077075e+10,1.50087141e+10,1.50094558e+10
2.57071786e+08,1.50077376e+10,1.50087480e+10,1.50094927e+10
2.57570952e+08,1.50077677e+10,1.50087821e+10,1.50095296e+10
2.58070117e+08,1.50077978e+10,1.50088162e+10,1.50095666e+10
2.58569282e+08,1.50078280e+10,1.50088503e+10,1.50096036e+10
2.59068447e+08,1.50078583e+10,1.50088845e+10,1.50096408e+10
2.59567613e+08,1.50078886e+10,1.50089188e+10,1.50096780e+10
2.60066778e+08,1.50079190e+10,1.50089532e+10,1.50097153e+10
2.60565943e+08,1.50079494e+10,1.50089876e+10,1.50097526e+10
2.61065109e+08,1.50079800e+10,1.50090221e+10,1.50097901e+10
2.61564274e+08,1.50080105e+10,1.50090566e+10,1.50098276e+10
2.62063439e+08,1.50080411e+10,1.50090913e+10,1.50098651e+10
2.62562604e+08,1.50080718e+10,1.50091260e+10,1.50099028e+10
2.63061770e+08,1.50081025e+10,1.50091607e+10,1.50099405e+10
2.63560935e+08,1.50081333e+10,1.50091955e+10,1.50099783e+10
2.64060100e+08,1.50081642e+10,1.50092304e+10,1.50100161e+10
2.64559265e+08,1.50081951e+10,1.50092654e+10,1.50100541e+10
2.65058431e+08,1.50082261e+10,1.50093004e+10,1.50100921e+10
2.65557596e+08,1.50082571e+10,1.50093355e+10,1.50101301e+10
2.66056761e+08,1.50082882e+10,1.50093706e+10,1.50101683e+10
2.66555927e+08,1.50083193e+10,1.50094058e+10,1.50102065e+10
2.67055092e+08,1.50083505e+10,1.50094411e+10,1.50102448e+10
2.67554257e+08,1.50083818e+10,1.50094765e+10,1.50102831e+10
2.68053422e+08,1.50084131e+10,1.50095119e+10,1.50103216e+10
2.68552588e+08,1.50084445e+10,1.50095474e+10,1.50103601e+10
2.69051753e+08,1.50084760e+10,1.50095829e+10,1.50103986e+10
2.69550918e+08,1.50085074e+10,1.50096185e+10,1.50104373e+10
2.70050083e+08,1.50085390e+10,1.50096542e+10,1.50104760e+10
2.70549249e+08,1.50085706e+10,1.50096899e+10,1.50105148e+10
2.71048414e+08,1.50086023e+10,1.50097258e+10,1.50105537e+10
2.71547579e+08,1.50086340e+10,1.50097616e+10,1.50105926e+10
2.72046745e+08,1.50086658e+10,1.50097976e+10,1.50106316e+10
2.72545910e+08,1.50086977e+10,1.50098336e+10,1.50106707e+10
2.73045075e+08,1.50087296e+10,1.50098697e+10,1.50107098e+10
2.73544240e+08,1.50087615e+10,1.50099058e+10,1.50107491e+10
2.74043406e+08,1.50087936e+10,1.50099420e+10,1.50107883e+10
2.74542571e+08,1.50088256e+10,1.50099783e+10,1.50108277e+10
2.75041736e+08,1.50088578e+10,1.50100146e+10,1.50108672e+10
2.75540902e+08,1.50088900e+10,1.50100510e+10,1.50109067e+10
2.76040067e+08,1.50089222e+10,1.50100875e+10,1.50109462e+10
2.76539232e+08,1.50089546e+10,1.50101241e+10,1.50109859e+10
2.77038397e+08,1.50089869e+10,1.50101607e+10,1.50110256e+10
2.77537563e+08,1.50090194e+10,1.50101973e+10,1.50110654e+10
2.78036728e+08,1.50090519e+10,1.50102341e+10,1.50111053e+10
2.78535893e+08,1.50090844e+10,1.50102709e+10,1.50111452e+10
2.79035058e+08,1.50091170e+10,1.50103078e+10,1.50111852e+10
2.79534224e+08,1.50091497e+10,1.50103447e+10,1.50112253e+10
2.80033389e+08,1.50091824e+10,1.50103817e+10,1.50112655e+10
2.80532554e+08,1.50092152e+10,1.50104188e+10,1.50113057e+10
2.81031720e+08,1.50092480e+10,1.50104559e+10,1.50113460e+10
2.81530885e+08,1.50092809e+10,1.50104931e+10,1.50113864e+10
2.82030050e+08,1.50093139e+10,1.50105304e+10,1.50114268e+10
2.82529215e+08,1.50093469e+10,1.50105677e+10,1.50114673e+10
2.83028381e+08,1.50093800e+10,1.50106051e+10,1.50115079e+10
2.83527546e+08,1.50094131e+10,1.50106426e+10,1.50115486e+10
2.84026711e+08,1.50094463e+10,1.50106801e+10,1.50115893e+10
2.84525876e+08,1.50094796e+10,1.50107177e+10,1.50116301e+10
2.85025042e+08,1.50095129e+10,1.50107554e+10,1.50116710e+10
2.85524207e+08,1.50095463e+10,1.50107931e+10,1.50117119e+10
2.86023372e+08,1.50095797e+10,1.50108309e+10,1.50117530e+10
2.86522538e+08,1.50096132e+10,1.50108688e+10,1.50117940e+10
2.87021703e+08,1.50096467e+10,1.50109067e+10,1.50118352e+10
2.87520868e+08,1.50096803e+10,1.50109447e+10,1.50118764e+10
2.88020033e+08,1.50097140e+10,1.50109828e+10,1.50119178e+10
2.88519199e+08,1.50097477e+10,1.50110209e+10,1.50119591e+10
2.89018364e+08,1.50097815e+10,1.50110591e+10,1.50120006e+10
2.89517529e+08,1.50098153e+10,1.50110973e+10,1.50120421e+10
2.90016694e+08,1.50098492e+10,1.50111357e+10,1.50120837e+10
2.90515860e+08,1.50098832e+10,1.50111741e+10,1.50121254e+10
2.91015025e+08,1.50099172e+10,1.50112125e+10,1.50121671e+10
2.91514190e+08,1.50099513e+10,1.50112511e+10,1.50122089e+10
2.92013356e+08,1.50099854e+10,1.50112896e+10,1.50122508e+10
2.92512521e+08,1.50100196e+10,1.50113283e+10,1.50122927e+10
2.93011686e+08,1.50100538e+10,1.50113670e+10,1.50123348e+10
2.93510851e+08,1.50100882e+10,1.50114058e+10,1.50123769e+10
2.94010017e+08,1.50101225e+10,1.50114447e+10,1.50124190e+10
2.94509182e+08,1.50101569e+10,1.50114836e+10,1.50124613e+10
2.95008347e+08,1.50101914e+10,1.50115226e+10,1.50125036e+10
2.95507513e+08,1.50102260e+10,1.50115617e+10,1.50125460e+10
2.96006678e+08,1.50102606e+10,1.50116008e+10,1.50125884e+10
2.96505843e+08,1.50102952e+10,1.50116400e+10,1.50126309e+10
2.97005008e+08,1.50103299e+10,1.50116792e+10,1.50126735e+10
2.97504174e+08,1.50103647e+10,1.50117185e+10,1.50127162e+10
2.98003339e+08,1.50103996e+10,1.50117579e+10,1.50127590e+10
2.98502504e+08,1.50104344e+10,1.50117974e+10,1.50128018e+10
2.99001669e+08,1.50104694e+10,1.50118369e+10,1.50128447e+10
2.99500835e+08,1.50105044e+10,1.50118765e+10,1.50128876e+10
3.00000000e+08,1.50105395e+10,1.50119161e+10,1.50129307e+10
