# Fig. 2: CP growth rate gamma_1, Eq. (14); n_e0 = n_i0 = 1e25 cm^-3, theta = 20 deg
k_cm-1,gamma1_alpha3.000e10_s-1,gamma1_alpha3.001e10_s-1,gamma1_alpha3.002e10_s-1
0.00000000e+00,1.50000000e+10,1.50050000e+10,1.50100000e+10
1.00000000e+06,1.50000001e+10,1.50050001e+10,1.50100001e+10
1.49916528e+06,1.50000003e+10,1.50050003e+10,1.50100003e+10
1.99833055e+06,1.50000005e+10,1.50050005e+10,1.50100005e+10
2.49749583e+06,1.50000007e+10,1.50050007e+10,1.50100007e+10
2.99666110e+06,1.50000011e+10,1.50050011e+10,1.50100011e+10
3.49582638e+06,1.50000014e+10,1.50050014e+10,1.50100014e+10
3.99499165e+06,1.50000019e+10,1.50050019e+10,1.50100019e+10
4.49415693e+06,1.50000024e+10,1.50050024e+10,1.50100024e+10
4.99332220e+06,1.50000029e+10,1.50050029e+10,1.50100029e+10
5.49248748e+06,1.50000035e+10,1.50050035e+10,1.50100035e+10
5.99165275e+06,1.50000042e+10,1.50050042e+10,1.50100042e+10
6.49081803e+06,1.50000049e+10,1.50050049e+10,1.50100049e+10
6.98998331e+06,1.50000057e+10,1.50050057e+10,1.50100057e+10
7.48914858e+06,1.50000066e+10,1.50050066e+10,1.50100066e+10
7.98831386e+06,1.50000075e+10,1.50050075e+10,1.50100075e+10
8.48747913e+06,1.50000084e+10,1.50050084e+10,1.50100084e+10
8.98664441e+06,1.50000095e+10,1.50050095e+10,1.50100095e+10
9.48580968e+06,1.50000105e+10,1.50050105e+10,1.50100105e+10
9.98497496e+06,1.50000117e+10,1.50050117e+10,1.50100117e+10
1.04841402e+07,1.50000129e+10,1.50050129e+10,1.50100129e+10
1.09833055e+07,1.50000141e+10,1.50050141e+10,1.50100141e+10
1.14824708e+07,1.50000154e+10,1.50050154e+10,1.50100154e+10
1.19816361e+07,1.50000168e+10,1.50050168e+10,1.50100168e+10
1.24808013e+07,1.50000182e+10,1.50050182e+10,1.50100182e+10
1.29799666e+07,1.50000197e+10,1.50050197e+10,1.50100197e+10
1.34791319e+07,1.50000213e+10,1.50050213e+10,1.50100213e+10
1.39782972e+07,1.50000229e+10,1.50050229e+10,1.50100229e+10
1.44774624e+07,1.50000245e+10,1.50050245e+10,1.50100246e+10
1.49766277e+07,1.50000263e+10,1.50050263e+10,1.50100263e+10
1.54757930e+07,1.50000280e+10,1.50050280e+10,1.50100281e+10
1.59749583e+07,1.50000299e+10,1.50050299e+10,1.50100299e+10
1.64741235e+07,1.50000318e+10,1.50050318e+10,1.50100318e+10
1.69732888e+07,1.50000337e+10,1.50050337e+10,1.50100337e+10
1.74724541e+07,1.50000357e+10,1.50050357e+10,1.50100358e+10
1.79716194e+07,1.50000378e+10,1.50050378e+10,1.50100378e+10
1.84707846e+07,1.50000399e+10,1.50050399e+10,1.50100400e+10
1.89699499e+07,1.50000421e+10,1.50050421e+10,1.50100421e+10
1.94691152e+07,1.50000444e+10,1.50050444e+10,1.50100444e+10
1.99682805e+07,1.50000467e+10,1.50050467e+10,1.50100467e+10
2.04674457e+07,1.50000490e+10,1.50050490e+10,1.50100491e+10
2.09666110e+07,1.50000514e+10,1.50050515e+10,1.50100515e+10
2.14657763e+07,1.50000539e+10,1.50050539e+10,1.50100540e+10
2.19649416e+07,1.50000565e+10,1.50050565e+10,1.50100565e+10
2.24641068e+07,1.50000591e+10,1.50050591e+10,1.50100591e+10
2.29632721e+07,1.50000617e+10,1.50050617e+10,1.50100618e+10
2.34624374e+07,1.50000644e+10,1.50050644e+10,1.50100645e+10
2.39616027e+07,1.50000672e+10,1.50050672e+10,1.50100672e+10
2.44607679e+07,1.50000700e+10,1.50050700e+10,1.50100701e+10
2.49599332e+07,1.50000729e+10,1.50050729e+10,1.50100730e+10
2.54590985e+07,1.50000759e+10,1.50050759e+10,1.50100759e+10
2.59582638e+07,1.50000789e+10,1.50050789e+10,1.50100789e+10
2.64574290e+07,1.50000819e+10,1.50050819e+10,1.50100820e+10
2.69565943e+07,1.50000850e+10,1.50050851e+10,1.50100851e+10
2.74557596e+07,1.50000882e+10,1.50050883e+10,1.50100883e+10
2.79549249e+07,1.50000915e+10,1.50050915e+10,1.50100915e+10
2.84540902e+07,1.50000948e+10,1.50050948e+10,1.50100948e+10
2.89532554e+07,1.50000981e+10,1.50050981e+10,1.50100982e+10
2.94524207e+07,1.50001015e+10,1.50051016e+10,1.50101016e+10
2.99515860e+07,1.50001050e+10,1.50051050e+10,1.50101051e+10
3.04507513e+07,1.50001085e+10,1.50051086e+10,1.50101086e+10
3.09499165e+07,1.50001121e+10,1.50051121e+10,1.50101122e+10
3.14490818e+07,1.50001157e+10,1.50051158e+10,1.50101158e+10
3.19482471e+07,1.50001195e+10,1.50051195e+10,1.50101195e+10
3.24474124e+07,1.50001232e+10,1.50051233e+10,1.50101233e+10
3.29465776e+07,1.50001270e+10,1.50051271e+10,1.50101271e+10
3.34457429e+07,1.50001309e+10,1.50051310e+10,1.50101310e+10
3.39449082e+07,1.50001348e+10,1.50051349e+10,1.50101349e+10
3.44440735e+07,1.50001388e+10,1.50051389e+10,1.50101389e+10
3.49432387e+07,1.50001429e+10,1.50051429e+10,1.50101430e+10
3.54424040e+07,1.50001470e+10,1.50051471e+10,1.50101471e+10
3.59415693e+07,1.50001512e+10,1.50051512e+10,1.50101513e+10
3.64407346e+07,1.50001554e+10,1.50051555e+10,1.50101555e+10
3.69398998e+07,1.50001597e+10,1.50051597e+10,1.50101598e+10
3.74390651e+07,1.50001640e+10,1.50051641e+10,1.50101641e+10
3.79382304e+07,1.50001684e+10,1.50051685e+10,1.50101686e+10
3.84373957e+07,1.50001729e+10,1.50051730e+10,1.50101730e+10
3.89365609e+07,1.50001774e+10,1.50051775e+10,1.50101775e+10
3.94357262e+07,1.50001820e+10,1.50051821e+10,1.50101821e+10
3.99348915e+07,1.50001866e+10,1.50051867e+10,1.50101868e+10
4.04340568e+07,1.50001913e+10,1.50051914e+10,1.50101915e+10
4.09332220e+07,1.50001961e+10,1.50051961e+10,1.50101962e+10
4.14323873e+07,1.50002009e+10,1.50052010e+10,1.50102010e+10
4.19315526e+07,1.50002058e+10,1.50052058e+10,1.50102059e+10
4.24307179e+07,1.50002107e+10,1.50052108e+10,1.50102108e+10
4.29298831e+07,1.50002157e+10,1.50052158e+10,1.50102158e+10
4.34290484e+07,1.50002207e+10,1.50052208e+10,1.50102209e+10
4.39282137e+07,1.50002258e+10,1.50052259e+10,1.50102260e+10
4.44273790e+07,1.50002310e+10,1.50052311e+10,1.50102311e+10
4.49265442e+07,1.50002362e+10,1.50052363e+10,1.50102364e+10
4.54257095e+07,1.50002415e+10,1.50052416e+10,1.50102416e+10
4.59248748e+07,1.50002468e+10,1.50052469e+10,1.50102470e+10
4.64240401e+07,1.50002522e+10,1.50052523e+10,1.50102524e+10
4.69232053e+07,1.50002577e+10,1.50052578e+10,1.50102578e+10
4.74223706e+07,1.50002632e+10,1.50052633e+10,1.50102634e+10
4.79215359e+07,1.50002688e+10,1.50052688e+10,1.50102689e+10
4.84207012e+07,1.50002744e+10,1.50052745e+10,1.50102746e+10
4.89198664e+07,1.50002801e+10,1.50052802e+10,1.50102803e+10
4.94190317e+07,1.50002858e+10,1.50052859e+10,1.50102860e+10
4.99181970e+07,1.50002916e+10,1.50052917e+10,1.50102918e+10
5.04173623e+07,1.50002975e+10,1.50052976e+10,1.50102977e+10
5.09165275e+07,1.50003034e+10,1.50053035e+10,1.50103036e+10
5.14156928e+07,1.50003094e+10,1.50053095e+10,1.50103096e+10
5.19148581e+07,1.50003154e+10,1.50053155e+10,1.50103156e+10
5.24140234e+07,1.50003215e+10,1.50053216e+10,1.50103217e+10
5.29131886e+07,1.50003277e+10,1.50053278e+10,1.50103279e+10
5.34123539e+07,1.50003339e+10,1.50053340e+10,1.50103341e+10
5.39115192e+07,1.50003401e+10,1.50053402e+10,1.50103404e+10
5.44106845e+07,1.50003465e+10,1.50053466e+10,1.50103467e+10
5.49098497e+07,1.50003528e+10,1.50053530e+10,1.50103531e+10
5.54090150e+07,1.50003593e+10,1.50053594e+10,1.50103595e+10
5.59081803e+07,1.50003658e+10,1.50053659e+10,1.50103660e+10
5.64073456e+07,1.50003724e+10,1.50053725e+10,1.50103726e+10
5.69065109e+07,1.50003790e+10,1.50053791e+10,1.50103792e+10
5.74056761e+07,1.50003857e+10,1.50053858e+10,1.50103859e+10
5.79048414e+07,1.50003924e+10,1.50053925e+10,1.50103927e+10
5.84040067e+07,1.50003992e+10,1.50053993e+10,1.50103995e+10
5.89031720e+07,1.50004060e+10,1.50054062e+10,1.50104063e+10
5.94023372e+07,1.50004129e+10,1.50054131e+10,1.50104132e+10
5.99015025e+07,1.50004199e+10,1.50054201e+10,1.50104202e+10
6.04006678e+07,1.50004269e+10,1.50054271e+10,1.50104272e+10
6.08998331e+07,1.50004340e+10,1.50054342e+10,1.50104343e+10
6.13989983e+07,1.50004412e+10,1.50054413e+10,1.50104415e+10
6.18981636e+07,1.50004484e+10,1.50054485e+10,1.50104487e+10
6.23973289e+07,1.50004556e+10,1.50054558e+10,1.50104559e+10
6.28964942e+07,1.50004630e+10,1.50054631e+10,1.50104633e+10
6.33956594e+07,1.50004703e+10,1.50054705e+10,1.50104707e+10
6.38948247e+07,1.50004778e+10,1.50054779e+10,1.50104781e+10
6.43939900e+07,1.50004853e+10,1.50054854e+10,1.50104856e+10
6.48931553e+07,1.50004928e+10,1.50054930e+10,1.50104931e+10
6.53923205e+07,1.50005004e+10,1.50055006e+10,1.50105008e+10
6.58914858e+07,1.50005081e+10,1.50055083e+10,1.50105084e+10
6.63906511e+07,1.50005158e+10,1.50055160e+10,1.50105162e+10
6.68898164e+07,1.50005236e+10,1.50055238e+10,1.50105240e+10
6.73889816e+07,1.50005315e+10,1.50055316e+10,1.50105318e+10
6.78881469e+07,1.50005394e+10,1.50055395e+10,1.50105397e+10
6.83873122e+07,1.50005473e+10,1.50055475e+10,1.50105477e+10
6.88864775e+07,1.50005553e+10,1.50055555e+10,1.50105557e+10
6.93856427e+07,1.50005634e+10,1.50055636e+10,1.50105638e+10
6.98848080e+07,1.50005716e+10,1.50055717e+10,1.50105719e+10
7.03839733e+07,1.50005797e+10,1.50055799e+10,1.50105801e+10
7.08831386e+07,1.50005880e+10,1.50055882e+10,1.50105884e+10
7.13823038e+07,1.50005963e+10,1.50055965e+10,1.50105967e+10
7.18814691e+07,1.50006047e+10,1.50056049e+10,1.50106051e+10
7.23806344e+07,1.50006131e+10,1.50056133e+10,1.50106135e+10
7.28797997e+07,1.50006216e+10,1.50056218e+10,1.50106220e+10
7.33789649e+07,1.50006301e+10,1.50056304e+10,1.50106306e+10
7.38781302e+07,1.50006387e+10,1.50056390e+10,1.50106392e+10
7.43772955e+07,1.50006474e+10,1.50056476e+10,1.50106478e+10
7.48764608e+07,1.50006561e+10,1.50056563e+10,1.50106566e+10
7.53756260e+07,1.50006649e+10,1.50056651e+10,1.50106653e+10
7.58747913e+07,1.50006737e+10,1.50056740e+10,1.50106742e+10
7.63739566e+07,1.50006826e+10,1.50056829e+10,1.50106831e+10
7.68731219e+07,1.50006916e+10,1.50056918e+10,1.50106920e+10
7.73722871e+07,1.50007006e+10,1.50057008e+10,1.50107011e+10
7.78714524e+07,1.50007097e+10,1.50057099e+10,1.50107101e+10
7.83706177e+07,1.50007188e+10,1.50057190e+10,1.50107193e+10
7.88697830e+07,1.50007280e+10,1.50057282e+10,1.50107285e+10
7.93689482e+07,1.50007372e+10,1.50057375e+10,1.50107377e+10
7.98681135e+07,1.50007465e+10,1.50057468e+10,1.50107470e+10
8.03672788e+07,1.50007559e+10,1.50057561e+10,1.50107564e+10
8.08664441e+07,1.50007653e+10,1.50057656e+10,1.50107658e+10
8.13656093e+07,1.50007748e+10,1.50057750e+10,1.50107753e+10
8.18647746e+07,1.50007843e+10,1.50057846e+10,1.50107848e+10
8.23639399e+07,1.50007939e+10,1.50057942e+10,1.50107944e+10
8.28631052e+07,1.50008036e+10,1.50058038e+10,1.50108041e+10
8.33622705e+07,1.50008133e+10,1.50058135e+10,1.50108138e+10
8.38614357e+07,1.50008230e+10,1.50058233e+10,1.50108236e+10
8.43606010e+07,1.50008329e+10,1.50058331e+10,1.50108334e+10
8.48597663e+07,1.50008428e+10,1.50058430e+10,1.50108433e+10
8.53589316e+07,1.50008527e+10,1.50058530e+10,1.50108533e+10
8.58580968e+07,1.50008627e+10,1.50058630e+10,1.50108633e+10
8.63572621e+07,1.50008728e+10,1.50058731e+10,1.50108733e+10
8.68564274e+07,1.50008829e+10,1.50058832e+10,1.50108835e+10
8.73555927e+07,1.50008931e+10,1.50058934e+10,1.50108937e+10
8.78547579e+07,1.50009033e+10,1.50059036e+10,1.50109039e+10
8.83539232e+07,1.50009136e+10,1.50059139e+10,1.50109142e+10
8.88530885e+07,1.50009239e+10,1.50059243e+10,1.50109246e+10
8.93522538e+07,1.50009344e+10,1.50059347e+10,1.50109350e+10
8.98514190e+07,1.50009448e+10,1.50059451e+10,1.50109455e+10
9.03505843e+07,1.50009554e+10,1.50059557e+10,1.50109560e+10
9.08497496e+07,1.50009659e+10,1.50059663e+10,1.50109666e+10
9.13489149e+07,1.50009766e+10,1.50059769e+10,1.50109772e+10
9.18480801e+07,1.50009873e+10,1.50059876e+10,1.50109879e+10
9.23472454e+07,1.50009980e+10,1.50059984e+10,1.50109987e+10
9.28464107e+07,1.50010089e+10,1.50060092e+10,1.50110095e+10
9.33455760e+07,1.50010197e+10,1.50060201e+10,1.50110204e+10
9.38447412e+07,1.50010307e+10,1.50060310e+10,1.50110314e+10
9.43439065e+07,1.50010417e+10,1.50060420e+10,1.50110424e+10
9.48430718e+07,1.50010527e+10,1.50060531e+10,1.50110534e+10
9.53422371e+07,1.50010638e+10,1.50060642e+10,1.50110645e+10
9.58414023e+07,1.50010750e+10,1.50060754e+10,1.50110757e+10
9.63405676e+07,1.50010862e+10,1.50060866e+10,1.50110870e+10
9.68397329e+07,1.50010975e+10,1.50060979e+10,1.50110983e+10
9.73388982e+07,1.50011089e+10,1.50061092e+10,1.50111096e+10
9.78380634e+07,1.50011203e+10,1.50061206e+10,1.50111210e+10
9.83372287e+07,1.50011317e+10,1.50061321e+10,1.50111325e+10
9.88363940e+07,1.50011432e+10,1.50061436e+10,1.50111440e+10
9.93355593e+07,1.50011548e+10,1.50061552e+10,1.50111556e+10
9.98347245e+07,1.50011665e+10,1.50061669e+10,1.50111672e+10
1.00333890e+08,1.50011782e+10,1.50061785e+10,1.50111789e+10
1.00833055e+08,1.50011899e+10,1.50061903e+10,1.50111907e+10
1.01332220e+08,1.50012017e+10,1.50062021e+10,1.50112025e+10
1.01831386e+08,1.50012136e+10,1.50062140e+10,1.50112144e+10
1.02330551e+08,1.50012255e+10,1.50062259e+10,1.50112263e+10
1.02829716e+08,1.50012375e+10,1.50062379e+10,1.50112383e+10
1.03328881e+08,1.50012495e+10,1.50062500e+10,1.50112504e+10
1.03828047e+08,1.50012617e+10,1.50062621e+10,1.50112625e+10
1.04327212e+08,1.50012738e+10,1.50062742e+10,1.50112747e+10
1.04826377e+08,1.50012860e+10,1.50062865e+10,1.50112869e+10
1.05325543e+08,1.50012983e+10,1.50062987e+10,1.50112992e+10
1.05824708e+08,1.50013106e+10,1.50063111e+10,1.50113115e+10
1.06323873e+08,1.50013230e+10,1.50063235e+10,1.50113239e+10
1.06823038e+08,1.50013355e+10,1.50063359e+10,1.50113364e+10
1.07322204e+08,1.50013480e+10,1.50063485e+10,1.50113489e+10
1.07821369e+08,1.50013606e+10,1.50063610e+10,1.50113615e+10
1.08320534e+08,1.50013732e+10,1.50063737e+10,1.50113741e+10
1.08819699e+08,1.50013859e+10,1.50063864e+10,1.50113868e+10
1.09318865e+08,1.50013986e+10,1.50063991e+10,1.50113996e+10
1.09818030e+08,1.50014114e+10,1.50064119e+10,1.50114124e+10
1.10317195e+08,1.50014243e+10,1.50064248e+10,1.50114252e+10
1.10816361e+08,1.50014372e+10,1.50064377e+10,1.50114382e+10
1.11315526e+08,1.50014502e+10,1.50064507e+10,1.50114512e+10
1.11814691e+08,1.50014632e+10,1.50064637e+10,1.50114642e+10
1.12313856e+08,1.50014763e+10,1.50064768e+10,1.50114773e+10
1.12813022e+08,1.50014895e+10,1.50064900e+10,1.50114905e+10
1.13312187e+08,1.50015027e+10,1.50065032e+10,1.50115037e+10
1.13811352e+08,1.50015160e+10,1.50065165e+10,1.50115170e+10
1.14310518e+08,1.50015293e+10,1.50065298e+10,1.50115303e+10
1.14809683e+08,1.50015427e+10,1.50065432e+10,1.50115437e+10
1.15308848e+08,1.50015561e+10,1.50065566e+10,1.50115572e+10
1.15808013e+08,1.50015696e+10,1.50065701e+10,1.50115707e+10
1.16307179e+08,1.50015832e+10,1.50065837e+10,1.50115842e+10
1.16806344e+08,1.50015968e+10,1.50065973e+10,1.50115979e+10
1.17305509e+08,1.50016105e+10,1.50066110e+10,1.50116116e+10
1.17804674e+08,1.50016242e+10,1.50066248e+10,1.50116253e+10
1.18303840e+08,1.50016380e+10,1.50066386e+10,1.50116391e+10
1.18803005e+08,1.50016519e+10,1.50066524e+10,1.50116530e+10
1.19302170e+08,1.50016658e+10,1.50066663e+10,1.50116669e+10
1.19801336e+08,1.50016798e+10,1.50066803e+10,1.50116809e+10
1.20300501e+08,1.50016938e+10,1.50066943e+10,1.50116949e+10
1.20799666e+08,1.50017079e+10,1.50067084e+10,1.50117090e+10
1.21298831e+08,1.50017220e+10,1.50067226e+10,1.50117232e+10
1.21797997e+08,1.50017362e+10,1.50067368e+10,1.50117374e+10
1.22297162e+08,1.50017505e+10,1.50067511e+10,1.50117516e+10
1.22796327e+08,1.50017648e+10,1.50067654e+10,1.50117660e+10
1.23295492e+08,1.50017792e+10,1.50067798e+10,1.50117804e+10
1.23794658e+08,1.50017936e+10,1.50067942e+10,1.50117948e+10
1.24293823e+08,1.50018081e+10,1.50068087e+10,1.50118093e+10
1.24792988e+08,1.50018227e+10,1.50068233e+10,1.50118239e+10
1.25292154e+08,1.50018373e+10,1.50068379e+10,1.50118385e+10
1.25791319e+08,1.50018519e+10,1.50068526e+10,1.50118532e+10
1.26290484e+08,1.50018667e+10,1.50068673e+10,1.50118679e+10
1.26789649e+08,1.50018815e+10,1.50068821e+10,1.50118827e+10
1.27288815e+08,1.50018963e+10,1.50068969e+10,1.50118976e+10
1.27787980e+08,1.50019112e+10,1.50069118e+10,1.50119125e+10
1.28287145e+08,1.50019262e+10,1.50069268e+10,1.50119275e+10
1.28786311e+08,1.50019412e+10,1.50069418e+10,1.50119425e+10
1.29285476e+08,1.50019563e+10,1.50069569e+10,1.50119576e+10
1.29784641e+08,1.50019714e+10,1.50069721e+10,1.50119727e+10
1.30283806e+08,1.50019866e+10,1.50069873e+10,1.50119879e+10
1.30782972e+08,1.50020019e+10,1.50070025e+10,1.50120032e+10
1.31282137e+08,1.50020172e+10,1.50070178e+10,1.50120185e+10
1.31781302e+08,1.50020325e+10,1.50070332e+10,1.50120339e+10
1.32280467e+08,1.50020480e+10,1.50070487e+10,1.50120493e+10
1.32779633e+08,1.50020635e+10,1.50070641e+10,1.50120648e+10
1.33278798e+08,1.50020790e+10,1.50070797e+10,1.50120804e+10
1.33777963e+08,1.50020946e+10,1.50070953e+10,1.50120960e+10
1.34277129e+08,1.50021103e+10,1.50071110e+10,1.50121117e+10
1.34776294e+08,1.50021260e+10,1.50071267e+10,1.50121274e+10
1.35275459e+08,1.50021418e+10,1.50071425e+10,1.50121432e+10
1.35774624e+08,1.50021576e+10,1.50071583e+10,1.50121590e+10
1.36273790e+08,1.50021735e+10,1.50071742e+10,1.50121750e+10
1.36772955e+08,1.50021895e+10,1.50071902e+10,1.50121909e+10
1.37272120e+08,1.50022055e+10,1.50072062e+10,1.50122069e+10
1.37771285e+08,1.50022215e+10,1.50072223e+10,1.50122230e+10
1.38270451e+08,1.50022377e+10,1.50072384e+10,1.50122392e+10
1.38769616e+08,1.50022539e+10,1.50072546e+10,1.50122554e+10
1.39268781e+08,1.50022701e+10,1.50072709e+10,1.50122716e+10
1.39767947e+08,1.50022864e+10,1.50072872e+10,1.50122879e+10
1.40267112e+08,1.50023028e+10,1.50073035e+10,1.50123043e+10
1.40766277e+08,1.50023192e+10,1.50073200e+10,1.50123207e+10
1.41265442e+08,1.50023357e+10,1.50073365e+10,1.50123372e+10
1.41764608e+08,1.50023522e+10,1.50073530e+10,1.50123538e+10
1.42263773e+08,1.50023688e+10,1.50073696e+10,1.50123704e+10
1.42762938e+08,1.50023855e+10,1.50073863e+10,1.50123871e+10
1.43262104e+08,1.50024022e+10,1.50074030e+10,1.50124038e+10
1.43761269e+08,1.50024189e+10,1.50074198e+10,1.50124206e+10
1.44260434e+08,1.50024358e+10,1.50074366e+10,1.50124374e+10
1.44759599e+08,1.50024527e+10,1.50074535e+10,1.50124543e+10
1.45258765e+08,1.50024696e+10,1.50074704e+10,1.50124713e+10
1.45757930e+08,1.50024866e+10,1.50074874e+10,1.50124883e+10
1.46257095e+08,1.50025037e+10,1.50075045e+10,1.50125053e+10
1.46756260e+08,1.50025208e+10,1.50075216e+10,1.50125225e+10
1.47255426e+08,1.50025380e+10,1.50075388e+10,1.50125397e+10
1.47754591e+08,1.50025552e+10,1.50075561e+10,1.50125569e+10
1.48253756e+08,1.50025725e+10,1.50075734e+10,1.50125742e+10
1.48752922e+08,1.50025899e+10,1.50075907e+10,1.50125916e+10
1.49252087e+08,1.50026073e+10,1.50076082e+10,1.50126090e+10
1.49751252e+08,1.50026248e+10,1.50076256e+10,1.50126265e+10
1.50250417e+08,1.50026423e+10,1.50076432e+10,1.50126440e+10
1.50749583e+08,1.50026599e+10,1.50076608e+10,1.50126616e+10
1.51248748e+08,1.50026775e+10,1.50076784e+10,1.50126793e+10
1.51747913e+08,1.50026952e+10,1.50076961e+10,1.50126970e+10
1.52247078e+08,1.50027130e+10,1.50077139e+10,1.50127148e+10
1.52746244e+08,1.50027308e+10,1.50077317e+10,1.50127326e+10
1.53245409e+08,1.50027487e+10,1.50077496e+10,1.50127505e+10
1.53744574e+08,1.50027666e+10,1.50077676e+10,1.50127685e+10
1.54243740e+08,1.50027846e+10,1.50077856e+10,1.50127865e+10
1.54742905e+08,1.50028027e+10,1.50078036e+10,1.50128046e+10
1.55242070e+08,1.50028208e+10,1.50078217e+10,1.50128227e+10
1.55741235e+08,1.50028390e+10,1.50078399e+10,1.50128409e+10
1.56240401e+08,1.50028572e+10,1.50078582e+10,1.50128591e+10
1.56739566e+08,1.50028755e+10,1.50078765e+10,1.50128774e+10
1.57238731e+08,1.50028938e+10,1.50078948e+10,1.50128958e+10
1.57737896e+08,1.50029122e+10,1.50079132e+10,1.50129142e+10
1.58237062e+08,1.50029307e+10,1.50079317e+10,1.50129327e+10
1.58736227e+08,1.50029492e+10,1.50079502e+10,1.50129512e+10
1.59235392e+08,1.50029678e+10,1.50079688e+10,1.50129698e+10
1.59734558e+08,1.50029865e+10,1.50079875e+10,1.50129884e+10
1.60233723e+08,1.50030052e+10,1.50080062e+10,1.50130072e+10
1.60732888e+08,1.50030239e+10,1.50080249e+10,1.50130259e+10
1.61232053e+08,1.50030427e+10,1.50080437e+10,1.50130448e+10
1.61731219e+08,1.50030616e+10,1.50080626e+10,1.50130636e+10
1.62230384e+08,1.50030805e+10,1.50080816e+10,1.50130826e+10
1.62729549e+08,1.50030995e+10,1.50081006e+10,1.50131016e+10
1.63228715e+08,1.50031186e+10,1.50081196e+10,1.50131206e+10
1.63727880e+08,1.50031377e+10,1.50081387e+10,1.50131398e+10
1.64227045e+08,1.50031568e+10,1.50081579e+10,1.50131589e+10
1.64726210e+08,1.50031761e+10,1.50081771e+10,1.50131782e+10
1.65225376e+08,1.50031953e+10,1.50081964e+10,1.50131975e+10
1.65724541e+08,1.50032147e+10,1.50082158e+10,1.50132168e+10
1.66223706e+08,1.50032341e+10,1.50082352e+10,1.50132362e+10
1.66722871e+08,1.50032535e+10,1.50082546e+10,1.50132557e+10
1.67222037e+08,1.50032731e+10,1.50082742e+10,1.50132752e+10
1.67721202e+08,1.50032926e+10,1.50082937e+10,1.50132948e+10
1.68220367e+08,1.50033123e+10,1.50083134e+10,1.50133145e+10
1.68719533e+08,1.50033320e+10,1.50083331e+10,1.50133342e+10
1.69218698e+08,1.50033517e+10,1.50083528e+10,1.50133539e+10
1.69717863e+08,1.50033715e+10,1.50083726e+10,1.50133738e+10
1.70217028e+08,1.50033914e+10,1.50083925e+10,1.50133936e+10
1.70716194e+08,1.50034113e+10,1.50084124e+10,1.50134136e+10
1.71215359e+08,1.50034313e+10,1.50084324e+10,1.50134336e+10
1.71714524e+08,1.50034513e+10,1.50084525e+10,1.50134536e+10
1.72213689e+08,1.50034714e+10,1.50084726e+10,1.50134737e+10
1.72712855e+08,1.50034916e+10,1.50084927e+10,1.50134939e+10
1.73212020e+08,1.50035118e+10,1.50085130e+10,1.50135141e+10
1.73711185e+08,1.50035321e+10,1.50085333e+10,1.50135344e+10
1.74210351e+08,1.50035524e+10,1.50085536e+10,1.50135548e+10
1.74709516e+08,1.50035728e+10,1.50085740e+10,1.50135752e+10
1.75208681e+08,1.50035932e+10,1.50085944e+10,1.50135956e+10
1.75707846e+08,1.50036138e+10,1.50086150e+10,1.50136162e+10
1.76207012e+08,1.50036343e+10,1.50086355e+10,1.50136367e+10
1.76706177e+08,1.50036549e+10,1.50086562e+10,1.50136574e+10
1.77205342e+08,1.50036756e+10,1.50086769e+10,1.50136781e+10
1.77704508e+08,1.50036964e+10,1.50086976e+10,1.50136988e+10
1.78203673e+08,1.50037172e+10,1.50087184e+10,1.50137197e+10
1.78702838e+08,1.50037380e+10,1.50087393e+10,1.50137405e+10
1.79202003e+08,1.50037589e+10,1.50087602e+10,1.50137615e+10
1.79701169e+08,1.50037799e+10,1.50087812e+10,1.50137824e+10
1.80200334e+08,1.50038010e+10,1.50088022e+10,1.50138035e+10
1.80699499e+08,1.50038221e+10,1.50088233e+10,1.50138246e+10
1.81198664e+08,1.50038432e+10,1.50088445e+10,1.50138458e+10
1.81697830e+08,1.50038644e+10,1.50088657e+10,1.50138670e+10
1.82196995e+08,1.50038857e+10,1.50088870e+10,1.50138883e+10
1.82696160e+08,1.50039070e+10,1.50089083e+10,1.50139096e+10
1.83195326e+08,1.50039284e+10,1.50089297e+10,1.50139310e+10
1.83694491e+08,1.50039498e+10,1.50089511e+10,1.50139525e+10
1.84193656e+08,1.50039713e+10,1.50089727e+10,1.50139740e+10
1.84692821e+08,1.50039929e+10,1.50089942e+10,1.50139956e+10
1.85191987e+08,1.50040145e+10,1.50090158e+10,1.50140172e+10
1.85691152e+08,1.50040362e+10,1.50090375e+10,1.50140389e+10
1.86190317e+08,1.50040579e+10,1.50090593e+10,1.50140606e+10
1.86689482e+08,1.50040797e+10,1.50090811e+10,1.50140824e+10
1.87188648e+08,1.50041016e+10,1.50091029e+10,1.50141043e+10
1.87687813e+08,1.50041235e+10,1.50091248e+10,1.50141262e+10
1.88186978e+08,1.50041454e+10,1.50091468e+10,1.50141482e+10
1.88686144e+08,1.50041675e+10,1.50091689e+10,1.50141702e+10
1.89185309e+08,1.50041896e+10,1.50091910e+10,1.50141923e+10
1.89684474e+08,1.50042117e+10,1.50092131e+10,1.50142145e+10
1.90183639e+08,1.50042339e+10,1.50092353e+10,1.50142367e+10
1.90682805e+08,1.50042562e+10,1.50092576e+10,1.50142590e+10
1.91181970e+08,1.50042785e+10,1.50092799e+10,1.50142813e+10
1.91681135e+08,1.50043009e+10,1.50093023e+10,1.50143037e+10
1.92180301e+08,1.50043233e+10,1.50093247e+10,1.50143262e+10
1.92679466e+08,1.50043458e+10,1.50093472e+10,1.50143487e+10
1.93178631e+08,1.50043683e+10,1.50093698e+10,1.50143713e+10
1.93677796e+08,1.50043910e+10,1.50093924e+10,1.50143939e+10
1.94176962e+08,1.50044136e+10,1.50094151e+10,1.50144166e+10
1.94676127e+08,1.50044363e+10,1.50094378e+10,1.50144393e+10
1.95175292e+08,1.50044591e+10,1.50094606e+10,1.50144621e+10
1.95674457e+08,1.50044820e+10,1.50094835e+10,1.50144850e+10
1.96173623e+08,1.50045049e+10,1.50095064e+10,1.50145079e+10
1.96672788e+08,1.50045278e+10,1.50095294e+10,1.50145309e+10
1.97171953e+08,1.50045509e+10,1.50095524e+10,1.50145539e+10
1.97671119e+08,1.50045739e+10,1.50095755e+10,1.50145770e+10
1.98170284e+08,1.50045971e+10,1.50095986e+10,1.50146001e+10
1.98669449e+08,1.50046203e+10,1.50096218e+10,1.50146234e+10
1.99168614e+08,1.50046435e+10,1.50096451e+10,1.50146466e+10
1.99667780e+08,1.50046668e+10,1.50096684e+10,1.50146700e+10
2.00166945e+08,1.50046902e+10,1.50096918e+10,1.50146933e+10
2.00666110e+08,1.50047136e+10,1.50097152e+10,1.50147168e+10
2.01165275e+08,1.50047371e+10,1.50097387e+10,1.50147403e+10
2.01664441e+08,1.50047607e+10,1.50097623e+10,1.50147638e+10
2.02163606e+08,1.50047843e+10,1.50097859e+10,1.50147875e+10
2.02662771e+08,1.50048079e+10,1.50098095e+10,1.50148111e+10
2.03161937e+08,1.50048317e+10,1.50098333e+10,1.50148349e+10
2.03661102e+08,1.50048554e+10,1.50098571e+10,1.50148587e+10
2.04160267e+08,1.50048793e+10,1.50098809e+10,1.50148825e+10
2.04659432e+08,1.50049032e+10,1.50099048e+10,1.50149064e+10
2.05158598e+08,1.50049271e+10,1.50099288e+10,1.50149304e+10
2.05657763e+08,1.50049511e+10,1.50099528e+10,1.50149544e+10
2.06156928e+08,1.50049752e+10,1.50099769e+10,1.50149785e+10
2.06656093e+08,1.50049993e+10,1.50100010e+10,1.50150027e+10
2.07155259e+08,1.50050235e+10,1.50100252e+10,1.50150269e+10
2.07654424e+08,1.50050478e+10,1.50100495e+10,1.50150511e+10
2.08153589e+08,1.50050721e+10,1.50100738e+10,1.50150755e+10
2.08652755e+08,1.50050964e+10,1.50100981e+10,1.50150998e+10
2.09151920e+08,1.50051209e+10,1.50101226e+10,1.50151243e+10
2.09651085e+08,1.50051453e+10,1.50101471e+10,1.50151488e+10
2.10150250e+08,1.50051699e+10,1.50101716e+10,1.50151733e+10
2.10649416e+08,1.50051945e+10,1.50101962e+10,1.50151979e+10
2.11148581e+08,1.50052191e+10,1.50102209e+10,1.50152226e+10
2.11647746e+08,1.50052439e+10,1.50102456e+10,1.50152474e+10
2.12146912e+08,1.50052686e+10,1.50102704e+10,1.50152721e+10
2.12646077e+08,1.50052935e+10,1.50102952e+10,1.50152970e+10
2.13145242e+08,1.50053184e+10,1.50103201e+10,1.50153219e+10
2.13644407e+08,1.50053433e+10,1.50103451e+10,1.50153469e+10
2.14143573e+08,1.50053683e+10,1.50103701e+10,1.50153719e+10
2.14642738e+08,1.50053934e+10,1.50103952e+10,1.50153970e+10
2.15141903e+08,1.50054185e+10,1.50104203e+10,1.50154221e+10
2.15641068e+08,1.50054437e+10,1.50104455e+10,1.50154473e+10
2.16140234e+08,1.50054689e+10,1.50104707e+10,1.50154726e+10
2.16639399e+08,1.50054942e+10,1.50104960e+10,1.50154979e+10
2.17138564e+08,1.50055196e+10,1.50105214e+10,1.50155233e+10
2.17637730e+08,1.50055450e+10,1.50105468e+10,1.50155487e+10
2.18136895e+08,1.50055705e+10,1.50105723e+10,1.50155742e+10
2.18636060e+08,1.50055960e+10,1.50105979e+10,1.50155997e+10
2.19135225e+08,1.50056216e+10,1.50106235e+10,1.50156253e+10
2.19634391e+08,1.50056472e+10,1.50106491e+10,1.50156510e+10
2.20133556e+08,1.50056729e+10,1.50106748e+10,1.50156767e+10
2.20632721e+08,1.50056987e+10,1.50107006e+10,1.50157025e+10
2.21131886e+08,1.50057245e+10,1.50107264e+10,1.50157284e+10
2.21631052e+08,1.50057504e+10,1.50107523e+10,1.50157543e+10
2.22130217e+08,1.50057764e+10,1.50107783e+10,1.50157802e+10
2.22629382e+08,1.50058024e+10,1.50108043e+10,1.50158062e+10
2.23128548e+08,1.50058284e+10,1.50108304e+10,1.50158323e+10
2.23627713e+08,1.50058545e+10,1.50108565e+10,1.50158584e+10
2.24126878e+08,1.50058807e+10,1.50108827e+10,1.50158846e+10
2.24626043e+08,1.50059069e+10,1.50109089e+10,1.50159109e+10
2.25125209e+08,1.50059332e+10,1.50109352e+10,1.50159372e+10
2.25624374e+08,1.50059596e+10,1.50109616e+10,1.50159636e+10
2.26123539e+08,1.50059860e+10,1.50109880e+10,1.50159900e+10
2.26622705e+08,1.50060125e+10,1.50110145e+10,1.50160165e+10
2.27121870e+08,1.50060390e+10,1.50110410e+10,1.50160430e+10
2.27621035e+08,1.50060656e+10,1.50110676e+10,1.50160696e+10
2.28120200e+08,1.50060922e+10,1.50110942e+10,1.50160963e+10
2.28619366e+08,1.50061189e+10,1.50111210e+10,1.50161230e+10
2.29118531e+08,1.50061457e+10,1.50111477e+10,1.50161498e+10
2.29617696e+08,1.50061725e+10,1.50111746e+10,1.50161766e+10
2.30116861e+08,1.50061994e+10,1.50112014e+10,1.50162035e+10
2.30616027e+08,1.50062263e+10,1.50112284e+10,1.50162305e+10
2.31115192e+08,1.50062533e+10,1.50112554e+10,1.50162575e+10
2.31614357e+08,1.50062804e+10,1.50112825e+10,1.50162845e+10
2.32113523e+08,1.50063075e+10,1.50113096e+10,1.50163117e+10
2.32612688e+08,1.50063346e+10,1.50113367e+10,1.50163389e+10
2.33111853e+08,1.50063619e+10,1.50113640e+10,1.50163661e+10
2.33611018e+08,1.50063892e+10,1.50113913e+10,1.50163934e+10
2.34110184e+08,1.50064165e+10,1.50114186e+10,1.50164208e+10
2.34609349e+08,1.50064439e+10,1.50114460e+10,1.50164482e+10
2.35108514e+08,1.50064714e+10,1.50114735e+10,1.50164757e+10
2.35607679e+08,1.50064989e+10,1.50115010e+10,1.50165032e+10
2.36106845e+08,1.50065265e+10,1.50115286e+10,1.50165308e+10
2.36606010e+08,1.50065541e+10,1.50115563e+10,1.50165585e+10
2.37105175e+08,1.50065818e+10,1.50115840e+10,1.50165862e+10
2.37604341e+08,1.50066095e+10,1.50116117e+10,1.50166140e+10
2.38103506e+08,1.50066374e+10,1.50116396e+10,1.50166418e+10
2.38602671e+08,1.50066652e+10,1.50116675e+10,1.50166697e+10
2.39101836e+08,1.50066932e+10,1.50116954e+10,1.50166976e+10
2.39601002e+08,1.50067211e+10,1.50117234e+10,1.50167256e+10
2.40100167e+08,1.50067492e+10,1.50117514e+10,1.50167537e+10
2.40599332e+08,1.50067773e+10,1.50117796e+10,1.50167818e+10
2.41098497e+08,1.50068055e+10,1.50118077e+10,1.50168100e+10
2.41597663e+08,1.50068337e+10,1.50118360e+10,1.50168382e+10
2.42096828e+08,1.50068620e+10,1.50118643e+10,1.50168665e+10
2.42595993e+08,1.50068903e+10,1.50118926e+10,1.50168949e+10
2.43095159e+08,1.50069187e+10,1.50119210e+10,1.50169233e+10
2.43594324e+08,1.50069472e+10,1.50119495e+10,1.50169518e+10
2.44093489e+08,1.50069757e+10,1.50119780e+10,1.50169803e+10
2.44592654e+08,1.50070042e+10,1.50120066e+10,1.50170089e+10
2.45091820e+08,1.50070329e+10,1.50120352e+10,1.50170376e+10
2.45590985e+08,1.50070616e+10,1.50120639e+10,1.50170663e+10
2.46090150e+08,1.50070903e+10,1.50120927e+10,1.50170950e+10
2.46589316e+08,1.50071191e+10,1.50121215e+10,1.50171239e+10
2.47088481e+08,1.50071480e+10,1.50121504e+10,1.50171527e+10
2.47587646e+08,1.50071769e+10,1.50121793e+10,1.50171817e+10
2.48086811e+08,1.50072059e+10,1.50122083e+10,1.50172107e+10
2.48585977e+08,1.50072349e+10,1.50122373e+10,1.50172398e+10
2.49085142e+08,1.50072640e+10,1.50122664e+10,1.50172689e+10
2.49584307e+08,1.50072932e+10,1.50122956e+10,1.50172980e+10
2.50083472e+08,1.50073224e+10,1.50123248e+10,1.50173273e+10
2.50582638e+08,1.50073517e+10,1.50123541e+10,1.50173566e+10
2.51081803e+08,1.50073810e+10,1.50123835e+10,1.50173859e+10
2.51580968e+08,1.50074104e+10,1.50124129e+10,1.50174153e+10
2.52080134e+08,1.50074398e+10,1.50124423e+10,1.50174448e+10
2.52579299e+08,1.50074694e+10,1.50124718e+10,1.50174743e+10
2.53078464e+08,1.50074989e+10,1.50125014e+10,1.50175039e+10
2.53577629e+08,1.50075286e+10,1.50125311e+10,1.50175336e+10
2.54076795e+08,1.50075582e+10,1.50125608e+10,1.50175633e+10
2.54575960e+08,1.50075880e+10,1.50125905e+10,1.50175930e+10
2.55075125e+08,1.50076178e+10,1.50126203e+10,1.50176229e+10
2.55574290e+08,1.50076476e+10,1.50126502e+10,1.50176527e+10
2.56073456e+08,1.50076776e+10,1.50126801e+10,1.50176827e+10
2.56572621e+08,1.50077075e+10,1.50127101e+10,1.50177127e+10
2.57071786e+08,1.50077376e+10,1.50127401e+10,1.50177427e+10
2.57570952e+08,1.50077677e+10,1.50127702e+10,1.50177728e+10
2.58070117e+08,1.50077978e+10,1.50128004e+10,1.50178030e+10
2.58569282e+08,1.50078280e+10,1.50128306e+10,1.50178332e+10
2.59068447e+08,1.50078583e+10,1.50128609e+10,1.50178635e+10
2.59567613e+08,1.50078886e+10,1.50128912e+10,1.50178939e+10
2.60066778e+08,1.50079190e+10,1.50129216e+10,1.50179243e+10
2.60565943e+08,1.50079494e+10,1.50129521e+10,1.50179547e+10
2.61065109e+08,1.50079800e+10,1.50129826e+10,1.50179853e+10
2.61564274e+08,1.50080105e+10,1.50130132e+10,1.50180159e+10
2.62063439e+08,1.50080411e+10,1.50130438e+10,1.50180465e+10
2.62562604e+08,1.50080718e+10,1.50130745e+10,1.50180772e+10
2.63061770e+08,1.50081025e+10,1.50131052e+10,1.50181079e+10
2.63560935e+08,1.50081333e+10,1.50131361e+10,1.50181388e+10
2.64060100e+08,1.50081642e+10,1.50131669e+10,1.50181696e+10
2.64559265e+08,1.50081951e+10,1.50131978e+10,1.50182006e+10
2.65058431e+08,1.50082261e+10,1.50132288e+10,1.50182316e+10
2.65557596e+08,1.50082571e+10,1.50132599e+10,1.50182626e+10
2.66056761e+08,1.50082882e+10,1.50132910e+10,1.50182937e+10
2.66555927e+08,1.50083193e+10,1.50133221e+10,1.50183249e+10
2.67055092e+08,1.50083505e+10,1.50133533e+10,1.50183561e+10
2.67554257e+08,1.50083818e+10,1.50133846e+10,1.50183874e+10
2.68053422e+08,1.50084131e+10,1.50134159e+10,1.50184187e+10
2.68552588e+08,1.50084445e+10,1.50134473e+10,1.50184501e+10
2.69051753e+08,1.50084760e+10,1.50134788e+10,1.50184816e+10
2.69550918e+08,1.50085074e+10,1.50135103e+10,1.50185131e+10
2.70050083e+08,1.50085390e+10,1.50135419e+10,1.50185447e+10
2.70549249e+08,1.50085706e+10,1.50135735e+10,1.50185763e+10
2.71048414e+08,1.50086023e+10,1.50136052e+10,1.50186080e+10
2.71547579e+08,1.50086340e+10,1.50136369e+10,1.50186398e+10
2.72046745e+08,1.50086658e+10,1.50136687e+10,1.50186716e+10
2.72545910e+08,1.50086977e+10,1.50137006e+10,1.50187035e+10
2.73045075e+08,1.50087296e+10,1.50137325e+10,1.50187354e+10
2.73544240e+08,1.50087615e+10,1.50137645e+10,1.50187674e+10
2.74043406e+08,1.50087936e+10,1.50137965e+10,1.50187994e+10
2.74542571e+08,1.50088256e+10,1.50138286e+10,1.50188315e+10
2.75041736e+08,1.50088578e+10,1.50138607e+10,1.50188637e+10
2.75540902e+08,1.50088900e+10,1.50138929e+10,1.50188959e+10
2.76040067e+08,1.50089222e+10,1.50139252e+10,1.50189282e+10
2.76539232e+08,1.50089546e+10,1.50139575e+10,1.50189605e+10
2.77038397e+08,1.50089869e+10,1.50139899e+10,1.50189929e+10
2.77537563e+08,1.50090194e+10,1.50140224e+10,1.50190254e+10
2.78036728e+08,1.50090519e+10,1.50140549e+10,1.50190579e+10
2.78535893e+08,1.50090844e+10,1.50140874e+10,1.50190905e+10
2.79035058e+08,1.50091170e+10,1.50141201e+10,1.50191231e+10
2.79534224e+08,1.50091497e+10,1.50141527e+10,1.50191558e+10
2.80033389e+08,1.50091824e+10,1.50141855e+10,1.50191885e+10
2.80532554e+08,1.50092152e+10,1.50142183e+10,1.50192213e+10
2.81031720e+08,1.50092480e+10,1.50142511e+10,1.50192542e+10
2.81530885e+08,1.50092809e+10,1.50142840e+10,1.50192871e+10
2.82030050e+08,1.50093139e+10,1.50143170e+10,1.50193201e+10
2.82529215e+08,1.50093469e+10,1.50143500e+10,1.50193532e+10
2.83028381e+08,1.50093800e+10,1.50143831e+10,1.50193863e+10
2.83527546e+08,1.50094131e+10,1.50144163e+10,1.50194194e+10
2.84026711e+08,1.50094463e+10,1.50144495e+10,1.50194526e+10
2.84525876e+08,1.50094796e+10,1.50144827e+10,1.50194859e+10
2.85025042e+08,1.50095129e+10,1.50145161e+10,1.50195192e+10
2.85524207e+08,1.50095463e+10,1.50145495e+10,1.50195526e+10
2.86023372e+08,1.50095797e+10,1.50145829e+10,1.50195861e+10
2.86522538e+08,1.50096132e+10,1.50146164e+10,1.50196196e+10
2.87021703e+08,1.50096467e+10,1.50146499e+10,1.50196532e+10
2.87520868e+08,1.50096803e+10,1.50146836e+10,1.50196868e+10
2.88020033e+08,1.50097140e+10,1.50147172e+10,1.50197205e+10
2.88519199e+08,1.50097477e+10,1.50147510e+10,1.50197542e+10
2.89018364e+08,1.50097815e+10,1.50147848e+10,1.50197880e+10
2.89517529e+08,1.50098153e+10,1.50148186e+10,1.50198219e+10
2.90016694e+08,1.50098492e+10,1.50148525e+10,1.50198558e+10
2.90515860e+08,1.50098832e+10,1.50148865e+10,1.50198898e+10
2.91015025e+08,1.50099172e+10,1.50149205e+10,1.50199238e+10
2.91514190e+08,1.50099513e+10,1.50149546e+10,1.50199579e+10
2.92013356e+08,1.50099854e+10,1.50149887e+10,1.50199921e+10
2.92512521e+08,1.50100196e+10,1.50150229e+10,1.50200263e+10
2.93011686e+08,1.50100538e+10,1.50150572e+10,1.50200606e+10
2.93510851e+08,1.50100882e+10,1.50150915e+10,1.50200949e+10
2.94010017e+08,1.50101225e+10,1.50151259e+10,1.50201293e+10
2.94509182e+08,1.50101569e+10,1.50151603e+10,1.50201637e+10
2.95008347e+08,1.50101914e+10,1.50151948e+10,1.50201982e+10
2.95507513e+08,1.50102260e+10,1.50152294e+10,1.50202328e+10
2.96006678e+08,1.50102606e+10,1.50152640e+10,1.50202674e+10
2.96505843e+08,1.50102952e+10,1.50152987e+10,1.50203021e+10
2.97005008e+08,1.50103299e+10,1.50153334e+10,1.50203368e+10
2.97504174e+08,1.50103647e+10,1.50153682e+10,1.50203716e+10
2.98003339e+08,1.50103996e+10,1.50154030e+10,1.50204065e+10
2.98502504e+08,1.50104344e+10,1.50154379e+10,1.50204414e+10
2.99001669e+08,1.50104694e+10,1.50154729e+10,1.50204764e+10
2.99500835e+08,1.50105044e+10,1.50155079e+10,1.50205114e+10
3.00000000e+08,1.50105395e+10,1.50155430e+10,1.50205465e+10
