# Fig. 3: gamma_1(k)/gamma_1(k->0), Eq. (14); n_i0 = n_e0, alpha = 3e10 s^-1, theta = 20 deg
k_cm-1,gamma1_norm_ne1e24,gamma1_norm_ne1e25,gamma1_norm_ne1e26
0.00000000e+00,1.00000000e+00,1.00000000e+00,1.00000000e+00
1.00000000e+06,1.00000002e+00,1.00000001e+00,1.00000000e+00
1.49916528e+06,1.00000004e+00,1.00000002e+00,1.00000001e+00
1.99833055e+06,1.00000007e+00,1.00000003e+00,1.00000001e+00
2.49749583e+06,1.00000011e+00,1.00000005e+00,1.00000002e+00
2.99666110e+06,1.00000016e+00,1.00000007e+00,1.00000003e+00
3.49582638e+06,1.00000021e+00,1.00000010e+00,1.00000004e+00
3.99499165e+06,1.00000027e+00,1.00000012e+00,1.00000006e+00
4.49415693e+06,1.00000034e+00,1.00000016e+00,1.00000007e+00
4.99332220e+06,1.00000042e+00,1.00000019e+00,1.00000009e+00
5.49248748e+06,1.00000051e+00,1.00000024e+00,1.00000011e+00
5.99165275e+06,1.00000061e+00,1.00000028e+00,1.00000013e+00
6.49081803e+06,1.00000071e+00,1.00000033e+00,1.00000015e+00
6.98998331e+06,1.00000083e+00,1.00000038e+00,1.00000018e+00
7.48914858e+06,1.00000095e+00,1.00000044e+00,1.00000020e+00
7.98831386e+06,1.00000108e+00,1.00000050e+00,1.00000023e+00
8.48747913e+06,1.00000122e+00,1.00000056e+00,1.00000026e+00
8.98664441e+06,1.00000136e+00,1.00000063e+00,1.00000029e+00
9.48580968e+06,1.00000152e+00,1.00000070e+00,1.00000033e+00
9.98497496e+06,1.00000168e+00,1.00000078e+00,1.00000036e+00
1.04841402e+07,1.00000185e+00,1.00000086e+00,1.00000040e+00
1.09833055e+07,1.00000203e+00,1.00000094e+00,1.00000044e+00
1.14824708e+07,1.00000222e+00,1.00000103e+00,1.00000048e+00
1.19816361e+07,1.00000242e+00,1.00000112e+00,1.00000052e+00
1.24808013e+07,1.00000262e+00,1.00000122e+00,1.00000056e+00
1.29799666e+07,1.00000284e+00,1.00000131e+00,1.00000061e+00
1.34791319e+07,1.00000306e+00,1.00000142e+00,1.00000066e+00
1.39782972e+07,1.00000329e+00,1.00000152e+00,1.00000071e+00
1.44774624e+07,1.00000353e+00,1.00000164e+00,1.00000076e+00
1.49766277e+07,1.00000377e+00,1.00000175e+00,1.00000081e+00
1.54757930e+07,1.00000403e+00,1.00000187e+00,1.00000087e+00
1.59749583e+07,1.00000429e+00,1.00000199e+00,1.00000092e+00
1.64741235e+07,1.00000457e+00,1.00000212e+00,1.00000098e+00
1.69732888e+07,1.00000485e+00,1.00000225e+00,1.00000104e+00
1.74724541e+07,1.00000514e+00,1.00000238e+00,1.00000111e+00
1.79716194e+07,1.00000543e+00,1.00000252e+00,1.00000117e+00
1.84707846e+07,1.00000574e+00,1.00000266e+00,1.00000124e+00
1.89699499e+07,1.00000605e+00,1.00000281e+00,1.00000130e+00
1.94691152e+07,1.00000638e+00,1.00000296e+00,1.00000137e+00
1.99682805e+07,1.00000671e+00,1.00000311e+00,1.00000144e+00
2.04674457e+07,1.00000705e+00,1.00000327e+00,1.00000152e+00
2.09666110e+07,1.00000739e+00,1.00000343e+00,1.00000159e+00
2.14657763e+07,1.00000775e+00,1.00000360e+00,1.00000167e+00
2.19649416e+07,1.00000811e+00,1.00000376e+00,1.00000175e+00
2.24641068e+07,1.00000849e+00,1.00000394e+00,1.00000183e+00
2.29632721e+07,1.00000887e+00,1.00000411e+00,1.00000191e+00
2.34624374e+07,1.00000926e+00,1.00000430e+00,1.00000199e+00
2.39616027e+07,1.00000965e+00,1.00000448e+00,1.00000208e+00
2.44607679e+07,1.00001006e+00,1.00000467e+00,1.00000217e+00
2.49599332e+07,1.00001048e+00,1.00000486e+00,1.00000226e+00
2.54590985e+07,1.00001090e+00,1.00000506e+00,1.00000235e+00
2.59582638e+07,1.00001133e+00,1.00000526e+00,1.00000244e+00
2.64574290e+07,1.00001177e+00,1.00000546e+00,1.00000253e+00
2.69565943e+07,1.00001222e+00,1.00000567e+00,1.00000263e+00
2.74557596e+07,1.00001267e+00,1.00000588e+00,1.00000273e+00
2.79549249e+07,1.00001314e+00,1.00000610e+00,1.00000283e+00
2.84540902e+07,1.00001361e+00,1.00000632e+00,1.00000293e+00
2.89532554e+07,1.00001409e+00,1.00000654e+00,1.00000304e+00
2.94524207e+07,1.00001458e+00,1.00000677e+00,1.00000314e+00
2.99515860e+07,1.00001508e+00,1.00000700e+00,1.00000325e+00
3.04507513e+07,1.00001559e+00,1.00000723e+00,1.00000336e+00
3.09499165e+07,1.00001610e+00,1.00000747e+00,1.00000347e+00
3.14490818e+07,1.00001663e+00,1.00000772e+00,1.00000358e+00
3.19482471e+07,1.00001716e+00,1.00000796e+00,1.00000370e+00
3.24474124e+07,1.00001770e+00,1.00000821e+00,1.00000381e+00
3.29465776e+07,1.00001825e+00,1.00000847e+00,1.00000393e+00
3.34457429e+07,1.00001881e+00,1.00000873e+00,1.00000405e+00
3.39449082e+07,1.00001937e+00,1.00000899e+00,1.00000417e+00
3.44440735e+07,1.00001995e+00,1.00000926e+00,1.00000430e+00
3.49432387e+07,1.00002053e+00,1.00000953e+00,1.00000442e+00
3.54424040e+07,1.00002112e+00,1.00000980e+00,1.00000455e+00
3.59415693e+07,1.00002172e+00,1.00001008e+00,1.00000468e+00
3.64407346e+07,1.00002232e+00,1.00001036e+00,1.00000481e+00
3.69398998e+07,1.00002294e+00,1.00001065e+00,1.00000494e+00
3.74390651e+07,1.00002356e+00,1.00001094e+00,1.00000508e+00
3.79382304e+07,1.00002420e+00,1.00001123e+00,1.00000521e+00
3.84373957e+07,1.00002484e+00,1.00001153e+00,1.00000535e+00
3.89365609e+07,1.00002549e+00,1.00001183e+00,1.00000549e+00
3.94357262e+07,1.00002614e+00,1.00001213e+00,1.00000563e+00
3.99348915e+07,1.00002681e+00,1.00001244e+00,1.00000578e+00
4.04340568e+07,1.00002748e+00,1.00001276e+00,1.00000592e+00
4.09332220e+07,1.00002817e+00,1.00001307e+00,1.00000607e+00
4.14323873e+07,1.00002886e+00,1.00001339e+00,1.00000622e+00
4.19315526e+07,1.00002956e+00,1.00001372e+00,1.00000637e+00
4.24307179e+07,1.00003027e+00,1.00001405e+00,1.00000652e+00
4.29298831e+07,1.00003098e+00,1.00001438e+00,1.00000667e+00
4.34290484e+07,1.00003171e+00,1.00001471e+00,1.00000683e+00
4.39282137e+07,1.00003244e+00,1.00001506e+00,1.00000699e+00
4.44273790e+07,1.00003318e+00,1.00001540e+00,1.00000715e+00
4.49265442e+07,1.00003393e+00,1.00001575e+00,1.00000731e+00
4.54257095e+07,1.00003469e+00,1.00001610e+00,1.00000747e+00
4.59248748e+07,1.00003546e+00,1.00001645e+00,1.00000764e+00
4.64240401e+07,1.00003623e+00,1.00001681e+00,1.00000780e+00
4.69232053e+07,1.00003701e+00,1.00001718e+00,1.00000797e+00
4.74223706e+07,1.00003780e+00,1.00001755e+00,1.00000814e+00
4.79215359e+07,1.00003860e+00,1.00001792e+00,1.00000832e+00
4.84207012e+07,1.00003941e+00,1.00001829e+00,1.00000849e+00
4.89198664e+07,1.00004023e+00,1.00001867e+00,1.00000867e+00
4.94190317e+07,1.00004106e+00,1.00001905e+00,1.00000884e+00
4.99181970e+07,1.00004189e+00,1.00001944e+00,1.00000902e+00
5.04173623e+07,1.00004273e+00,1.00001983e+00,1.00000920e+00
5.09165275e+07,1.00004358e+00,1.00002023e+00,1.00000939e+00
5.14156928e+07,1.00004444e+00,1.00002062e+00,1.00000957e+00
5.19148581e+07,1.00004531e+00,1.00002103e+00,1.00000976e+00
5.24140234e+07,1.00004618e+00,1.00002143e+00,1.00000995e+00
5.29131886e+07,1.00004707e+00,1.00002184e+00,1.00001014e+00
5.34123539e+07,1.00004796e+00,1.00002226e+00,1.00001033e+00
5.39115192e+07,1.00004886e+00,1.00002268e+00,1.00001052e+00
5.44106845e+07,1.00004977e+00,1.00002310e+00,1.00001072e+00
5.49098497e+07,1.00005068e+00,1.00002352e+00,1.00001092e+00
5.54090150e+07,1.00005161e+00,1.00002395e+00,1.00001112e+00
5.59081803e+07,1.00005254e+00,1.00002439e+00,1.00001132e+00
5.64073456e+07,1.00005349e+00,1.00002482e+00,1.00001152e+00
5.69065109e+07,1.00005444e+00,1.00002527e+00,1.00001173e+00
5.74056761e+07,1.00005540e+00,1.00002571e+00,1.00001193e+00
5.79048414e+07,1.00005636e+00,1.00002616e+00,1.00001214e+00
5.84040067e+07,1.00005734e+00,1.00002661e+00,1.00001235e+00
5.89031720e+07,1.00005832e+00,1.00002707e+00,1.00001256e+00
5.94023372e+07,1.00005932e+00,1.00002753e+00,1.00001278e+00
5.99015025e+07,1.00006032e+00,1.00002799e+00,1.00001299e+00
6.04006678e+07,1.00006133e+00,1.00002846e+00,1.00001321e+00
6.08998331e+07,1.00006235e+00,1.00002894e+00,1.00001343e+00
6.13989983e+07,1.00006337e+00,1.00002941e+00,1.00001365e+00
6.18981636e+07,1.00006441e+00,1.00002989e+00,1.00001387e+00
6.23973289e+07,1.00006545e+00,1.00003038e+00,1.00001410e+00
6.28964942e+07,1.00006650e+00,1.00003086e+00,1.00001433e+00
6.33956594e+07,1.00006756e+00,1.00003136e+00,1.00001455e+00
6.38948247e+07,1.00006863e+00,1.00003185e+00,1.00001478e+00
6.43939900e+07,1.00006970e+00,1.00003235e+00,1.00001502e+00
6.48931553e+07,1.00007079e+00,1.00003285e+00,1.00001525e+00
6.53923205e+07,1.00007188e+00,1.00003336e+00,1.00001548e+00
6.58914858e+07,1.00007298e+00,1.00003387e+00,1.00001572e+00
6.63906511e+07,1.00007409e+00,1.00003439e+00,1.00001596e+00
6.68898164e+07,1.00007521e+00,1.00003491e+00,1.00001620e+00
6.73889816e+07,1.00007634e+00,1.00003543e+00,1.00001644e+00
6.78881469e+07,1.00007747e+00,1.00003596e+00,1.00001669e+00
6.83873122e+07,1.00007862e+00,1.00003649e+00,1.00001694e+00
6.88864775e+07,1.00007977e+00,1.00003702e+00,1.00001718e+00
6.93856427e+07,1.00008093e+00,1.00003756e+00,1.00001743e+00
6.98848080e+07,1.00008210e+00,1.00003810e+00,1.00001769e+00
7.03839733e+07,1.00008328e+00,1.00003865e+00,1.00001794e+00
7.08831386e+07,1.00008446e+00,1.00003920e+00,1.00001819e+00
7.13823038e+07,1.00008566e+00,1.00003975e+00,1.00001845e+00
7.18814691e+07,1.00008686e+00,1.00004031e+00,1.00001871e+00
7.23806344e+07,1.00008807e+00,1.00004087e+00,1.00001897e+00
7.28797997e+07,1.00008929e+00,1.00004144e+00,1.00001923e+00
7.33789649e+07,1.00009051e+00,1.00004201e+00,1.00001950e+00
7.38781302e+07,1.00009175e+00,1.00004258e+00,1.00001976e+00
7.43772955e+07,1.00009299e+00,1.00004316e+00,1.00002003e+00
7.48764608e+07,1.00009425e+00,1.00004374e+00,1.00002030e+00
7.53756260e+07,1.00009551e+00,1.00004433e+00,1.00002057e+00
7.58747913e+07,1.00009678e+00,1.00004492e+00,1.00002085e+00
7.63739566e+07,1.00009805e+00,1.00004551e+00,1.00002112e+00
7.68731219e+07,1.00009934e+00,1.00004611e+00,1.00002140e+00
7.73722871e+07,1.00010063e+00,1.00004671e+00,1.00002168e+00
7.78714524e+07,1.00010194e+00,1.00004731e+00,1.00002196e+00
7.83706177e+07,1.00010325e+00,1.00004792e+00,1.00002224e+00
7.88697830e+07,1.00010457e+00,1.00004853e+00,1.00002253e+00
7.93689482e+07,1.00010590e+00,1.00004915e+00,1.00002281e+00
7.98681135e+07,1.00010723e+00,1.00004977e+00,1.00002310e+00
8.03672788e+07,1.00010858e+00,1.00005039e+00,1.00002339e+00
8.08664441e+07,1.00010993e+00,1.00005102e+00,1.00002368e+00
8.13656093e+07,1.00011129e+00,1.00005165e+00,1.00002397e+00
8.18647746e+07,1.00011266e+00,1.00005229e+00,1.00002427e+00
8.23639399e+07,1.00011404e+00,1.00005293e+00,1.00002457e+00
8.28631052e+07,1.00011543e+00,1.00005357e+00,1.00002486e+00
8.33622705e+07,1.00011682e+00,1.00005422e+00,1.00002517e+00
8.38614357e+07,1.00011822e+00,1.00005487e+00,1.00002547e+00
8.43606010e+07,1.00011964e+00,1.00005552e+00,1.00002577e+00
8.48597663e+07,1.00012106e+00,1.00005618e+00,1.00002608e+00
8.53589316e+07,1.00012248e+00,1.00005685e+00,1.00002638e+00
8.58580968e+07,1.00012392e+00,1.00005751e+00,1.00002669e+00
8.63572621e+07,1.00012537e+00,1.00005818e+00,1.00002701e+00
8.68564274e+07,1.00012682e+00,1.00005886e+00,1.00002732e+00
8.73555927e+07,1.00012828e+00,1.00005954e+00,1.00002763e+00
8.78547579e+07,1.00012975e+00,1.00006022e+00,1.00002795e+00
8.83539232e+07,1.00013123e+00,1.00006091e+00,1.00002827e+00
8.88530885e+07,1.00013272e+00,1.00006160e+00,1.00002859e+00
8.93522538e+07,1.00013421e+00,1.00006229e+00,1.00002891e+00
8.98514190e+07,1.00013572e+00,1.00006299e+00,1.00002924e+00
9.03505843e+07,1.00013723e+00,1.00006369e+00,1.00002956e+00
9.08497496e+07,1.00013875e+00,1.00006440e+00,1.00002989e+00
9.13489149e+07,1.00014028e+00,1.00006511e+00,1.00003022e+00
9.18480801e+07,1.00014182e+00,1.00006582e+00,1.00003055e+00
9.23472454e+07,1.00014336e+00,1.00006654e+00,1.00003088e+00
9.28464107e+07,1.00014492e+00,1.00006726e+00,1.00003122e+00
9.33455760e+07,1.00014648e+00,1.00006798e+00,1.00003155e+00
9.38447412e+07,1.00014805e+00,1.00006871e+00,1.00003189e+00
9.43439065e+07,1.00014963e+00,1.00006944e+00,1.00003223e+00
9.48430718e+07,1.00015122e+00,1.00007018e+00,1.00003257e+00
9.53422371e+07,1.00015281e+00,1.00007092e+00,1.00003292e+00
9.58414023e+07,1.00015442e+00,1.00007167e+00,1.00003326e+00
9.63405676e+07,1.00015603e+00,1.00007242e+00,1.00003361e+00
9.68397329e+07,1.00015765e+00,1.00007317e+00,1.00003396e+00
9.73388982e+07,1.00015928e+00,1.00007392e+00,1.00003431e+00
9.78380634e+07,1.00016092e+00,1.00007468e+00,1.00003466e+00
9.83372287e+07,1.00016257e+00,1.00007545e+00,1.00003502e+00
9.88363940e+07,1.00016422e+00,1.00007622e+00,1.00003537e+00
9.93355593e+07,1.00016588e+00,1.00007699e+00,1.00003573e+00
9.98347245e+07,1.00016756e+00,1.00007776e+00,1.00003609e+00
1.00333890e+08,1.00016924e+00,1.00007854e+00,1.00003646e+00
1.00833055e+08,1.00017092e+00,1.00007933e+00,1.00003682e+00
1.01332220e+08,1.00017262e+00,1.00008011e+00,1.00003718e+00
1.01831386e+08,1.00017433e+00,1.00008091e+00,1.00003755e+00
1.02330551e+08,1.00017604e+00,1.00008170e+00,1.00003792e+00
1.02829716e+08,1.00017776e+00,1.00008250e+00,1.00003829e+00
1.03328881e+08,1.00017949e+00,1.00008330e+00,1.00003866e+00
1.03828047e+08,1.00018123e+00,1.00008411e+00,1.00003904e+00
1.04327212e+08,1.00018298e+00,1.00008492e+00,1.00003941e+00
1.04826377e+08,1.00018473e+00,1.00008574e+00,1.00003979e+00
1.05325543e+08,1.00018650e+00,1.00008655e+00,1.00004017e+00
1.05824708e+08,1.00018827e+00,1.00008738e+00,1.00004055e+00
1.06323873e+08,1.00019005e+00,1.00008820e+00,1.00004094e+00
1.06823038e+08,1.00019184e+00,1.00008903e+00,1.00004132e+00
1.07322204e+08,1.00019364e+00,1.00008987e+00,1.00004171e+00
1.07821369e+08,1.00019544e+00,1.00009070e+00,1.00004210e+00
1.08320534e+08,1.00019726e+00,1.00009155e+00,1.00004249e+00
1.08819699e+08,1.00019908e+00,1.00009239e+00,1.00004288e+00
1.09318865e+08,1.00020091e+00,1.00009324e+00,1.00004328e+00
1.09818030e+08,1.00020275e+00,1.00009410e+00,1.00004367e+00
1.10317195e+08,1.00020460e+00,1.00009495e+00,1.00004407e+00
1.10816361e+08,1.00020645e+00,1.00009581e+00,1.00004447e+00
1.11315526e+08,1.00020832e+00,1.00009668e+00,1.00004487e+00
1.11814691e+08,1.00021019e+00,1.00009755e+00,1.00004528e+00
1.12313856e+08,1.00021207e+00,1.00009842e+00,1.00004568e+00
1.12813022e+08,1.00021396e+00,1.00009930e+00,1.00004609e+00
1.13312187e+08,1.00021586e+00,1.00010018e+00,1.00004650e+00
1.13811352e+08,1.00021776e+00,1.00010106e+00,1.00004691e+00
1.14310518e+08,1.00021968e+00,1.00010195e+00,1.00004732e+00
1.14809683e+08,1.00022160e+00,1.00010285e+00,1.00004773e+00
1.15308848e+08,1.00022353e+00,1.00010374e+00,1.00004815e+00
1.15808013e+08,1.00022547e+00,1.00010464e+00,1.00004857e+00
1.16307179e+08,1.00022742e+00,1.00010555e+00,1.00004899e+00
1.16806344e+08,1.00022938e+00,1.00010645e+00,1.00004941e+00
1.17305509e+08,1.00023134e+00,1.00010737e+00,1.00004983e+00
1.17804674e+08,1.00023332e+00,1.00010828e+00,1.00005026e+00
1.18303840e+08,1.00023530e+00,1.00010920e+00,1.00005068e+00
1.18803005e+08,1.00023729e+00,1.00011012e+00,1.00005111e+00
1.19302170e+08,1.00023929e+00,1.00011105e+00,1.00005154e+00
1.19801336e+08,1.00024130e+00,1.00011198e+00,1.00005197e+00
1.20300501e+08,1.00024331e+00,1.00011292e+00,1.00005241e+00
1.20799666e+08,1.00024533e+00,1.00011386e+00,1.00005284e+00
1.21298831e+08,1.00024737e+00,1.00011480e+00,1.00005328e+00
1.21797997e+08,1.00024941e+00,1.00011575e+00,1.00005372e+00
1.22297162e+08,1.00025146e+00,1.00011670e+00,1.00005416e+00
1.22796327e+08,1.00025351e+00,1.00011765e+00,1.00005461e+00
1.23295492e+08,1.00025558e+00,1.00011861e+00,1.00005505e+00
1.23794658e+08,1.00025765e+00,1.00011957e+00,1.00005550e+00
1.24293823e+08,1.00025974e+00,1.00012054e+00,1.00005595e+00
1.24792988e+08,1.00026183e+00,1.00012151e+00,1.00005640e+00
1.25292154e+08,1.00026393e+00,1.00012248e+00,1.00005685e+00
1.25791319e+08,1.00026603e+00,1.00012346e+00,1.00005730e+00
1.26290484e+08,1.00026815e+00,1.00012444e+00,1.00005776e+00
1.26789649e+08,1.00027027e+00,1.00012543e+00,1.00005822e+00
1.27288815e+08,1.00027241e+00,1.00012642e+00,1.00005867e+00
1.27787980e+08,1.00027455e+00,1.00012741e+00,1.00005914e+00
1.28287145e+08,1.00027670e+00,1.00012841e+00,1.00005960e+00
1.28786311e+08,1.00027886e+00,1.00012941e+00,1.00006006e+00
1.29285476e+08,1.00028102e+00,1.00013042e+00,1.00006053e+00
1.29784641e+08,1.00028320e+00,1.00013143e+00,1.00006100e+00
1.30283806e+08,1.00028538e+00,1.00013244e+00,1.00006147e+00
1.30782972e+08,1.00028757e+00,1.00013346e+00,1.00006194e+00
1.31282137e+08,1.00028977e+00,1.00013448e+00,1.00006241e+00
1.31781302e+08,1.00029198e+00,1.00013550e+00,1.00006289e+00
1.32280467e+08,1.00029420e+00,1.00013653e+00,1.00006337e+00
1.32779633e+08,1.00029642e+00,1.00013756e+00,1.00006385e+00
1.33278798e+08,1.00029866e+00,1.00013860e+00,1.00006433e+00
1.33777963e+08,1.00030090e+00,1.00013964e+00,1.00006481e+00
1.34277129e+08,1.00030315e+00,1.00014068e+00,1.00006529e+00
1.34776294e+08,1.00030541e+00,1.00014173e+00,1.00006578e+00
1.35275459e+08,1.00030767e+00,1.00014278e+00,1.00006627e+00
1.35774624e+08,1.00030995e+00,1.00014384e+00,1.00006676e+00
1.36273790e+08,1.00031223e+00,1.00014490e+00,1.00006725e+00
1.36772955e+08,1.00031453e+00,1.00014596e+00,1.00006774e+00
1.37272120e+08,1.00031683e+00,1.00014703e+00,1.00006824e+00
1.37771285e+08,1.00031914e+00,1.00014810e+00,1.00006874e+00
1.38270451e+08,1.00032145e+00,1.00014918e+00,1.00006924e+00
1.38769616e+08,1.00032378e+00,1.00015026e+00,1.00006974e+00
1.39268781e+08,1.00032611e+00,1.00015134e+00,1.00007024e+00
1.39767947e+08,1.00032846e+00,1.00015243e+00,1.00007074e+00
1.40267112e+08,1.00033081e+00,1.00015352e+00,1.00007125e+00
1.40766277e+08,1.00033317e+00,1.00015461e+00,1.00007176e+00
1.41265442e+08,1.00033553e+00,1.00015571e+00,1.00007227e+00
1.41764608e+08,1.00033791e+00,1.00015681e+00,1.00007278e+00
1.42263773e+08,1.00034029e+00,1.00015792e+00,1.00007329e+00
1.42762938e+08,1.00034269e+00,1.00015903e+00,1.00007381e+00
1.43262104e+08,1.00034509e+00,1.00016014e+00,1.00007433e+00
1.43761269e+08,1.00034750e+00,1.00016126e+00,1.00007485e+00
1.44260434e+08,1.00034992e+00,1.00016239e+00,1.00007537e+00
1.44759599e+08,1.00035234e+00,1.00016351e+00,1.00007589e+00
1.45258765e+08,1.00035478e+00,1.00016464e+00,1.00007641e+00
1.45757930e+08,1.00035722e+00,1.00016577e+00,1.00007694e+00
1.46257095e+08,1.00035967e+00,1.00016691e+00,1.00007747e+00
1.46756260e+08,1.00036213e+00,1.00016805e+00,1.00007800e+00
1.47255426e+08,1.00036460e+00,1.00016920e+00,1.00007853e+00
1.47754591e+08,1.00036708e+00,1.00017035e+00,1.00007906e+00
1.48253756e+08,1.00036956e+00,1.00017150e+00,1.00007960e+00
1.48752922e+08,1.00037206e+00,1.00017266e+00,1.00008013e+00
1.49252087e+08,1.00037456e+00,1.00017382e+00,1.00008067e+00
1.49751252e+08,1.00037707e+00,1.00017498e+00,1.00008121e+00
1.50250417e+08,1.00037959e+00,1.00017615e+00,1.00008175e+00
1.50749583e+08,1.00038212e+00,1.00017733e+00,1.00008230e+00
1.51248748e+08,1.00038465e+00,1.00017850e+00,1.00008285e+00
1.51747913e+08,1.00038720e+00,1.00017968e+00,1.00008339e+00
1.52247078e+08,1.00038975e+00,1.00018087e+00,1.00008394e+00
1.52746244e+08,1.00039231e+00,1.00018205e+00,1.00008449e+00
1.53245409e+08,1.00039488e+00,1.00018325e+00,1.00008505e+00
1.53744574e+08,1.00039746e+00,1.00018444e+00,1.00008560e+00
1.54243740e+08,1.00040004e+00,1.00018564e+00,1.00008616e+00
1.54742905e+08,1.00040264e+00,1.00018685e+00,1.00008672e+00
1.55242070e+08,1.00040524e+00,1.00018805e+00,1.00008728e+00
1.55741235e+08,1.00040785e+00,1.00018927e+00,1.00008784e+00
1.56240401e+08,1.00041047e+00,1.00019048e+00,1.00008840e+00
1.56739566e+08,1.00041310e+00,1.00019170e+00,1.00008897e+00
1.57238731e+08,1.00041574e+00,1.00019292e+00,1.00008954e+00
1.57737896e+08,1.00041838e+00,1.00019415e+00,1.00009011e+00
1.58237062e+08,1.00042103e+00,1.00019538e+00,1.00009068e+00
1.58736227e+08,1.00042370e+00,1.00019662e+00,1.00009125e+00
1.59235392e+08,1.00042637e+00,1.00019785e+00,1.00009183e+00
1.59734558e+08,1.00042904e+00,1.00019910e+00,1.00009240e+00
1.60233723e+08,1.00043173e+00,1.00020034e+00,1.00009298e+00
1.60732888e+08,1.00043443e+00,1.00020159e+00,1.00009356e+00
1.61232053e+08,1.00043713e+00,1.00020285e+00,1.00009414e+00
1.61731219e+08,1.00043984e+00,1.00020411e+00,1.00009473e+00
1.62230384e+08,1.00044256e+00,1.00020537e+00,1.00009531e+00
1.62729549e+08,1.00044529e+00,1.00020663e+00,1.00009590e+00
1.63228715e+08,1.00044803e+00,1.00020790e+00,1.00009649e+00
1.63727880e+08,1.00045077e+00,1.00020918e+00,1.00009708e+00
1.64227045e+08,1.00045353e+00,1.00021046e+00,1.00009767e+00
1.64726210e+08,1.00045629e+00,1.00021174e+00,1.00009827e+00
1.65225376e+08,1.00045906e+00,1.00021302e+00,1.00009887e+00
1.65724541e+08,1.00046184e+00,1.00021431e+00,1.00009946e+00
1.66223706e+08,1.00046463e+00,1.00021561e+00,1.00010006e+00
1.66722871e+08,1.00046742e+00,1.00021690e+00,1.00010067e+00
1.67222037e+08,1.00047023e+00,1.00021820e+00,1.00010127e+00
1.67721202e+08,1.00047304e+00,1.00021951e+00,1.00010187e+00
1.68220367e+08,1.00047586e+00,1.00022082e+00,1.00010248e+00
1.68719533e+08,1.00047869e+00,1.00022213e+00,1.00010309e+00
1.69218698e+08,1.00048153e+00,1.00022345e+00,1.00010370e+00
1.69717863e+08,1.00048438e+00,1.00022477e+00,1.00010432e+00
1.70217028e+08,1.00048723e+00,1.00022609e+00,1.00010493e+00
1.70716194e+08,1.00049009e+00,1.00022742e+00,1.00010555e+00
1.71215359e+08,1.00049297e+00,1.00022875e+00,1.00010616e+00
1.71714524e+08,1.00049585e+00,1.00023009e+00,1.00010678e+00
1.72213689e+08,1.00049873e+00,1.00023143e+00,1.00010741e+00
1.72712855e+08,1.00050163e+00,1.00023277e+00,1.00010803e+00
1.73212020e+08,1.00050454e+00,1.00023412e+00,1.00010866e+00
1.73711185e+08,1.00050745e+00,1.00023547e+00,1.00010928e+00
1.74210351e+08,1.00051037e+00,1.00023683e+00,1.00010991e+00
1.74709516e+08,1.00051330e+00,1.00023819e+00,1.00011054e+00
1.75208681e+08,1.00051624e+00,1.00023955e+00,1.00011117e+00
1.75707846e+08,1.00051919e+00,1.00024092e+00,1.00011181e+00
1.76207012e+08,1.00052214e+00,1.00024229e+00,1.00011245e+00
1.76706177e+08,1.00052511e+00,1.00024366e+00,1.00011308e+00
1.77205342e+08,1.00052808e+00,1.00024504e+00,1.00011372e+00
1.77704508e+08,1.00053106e+00,1.00024642e+00,1.00011437e+00
1.78203673e+08,1.00053405e+00,1.00024781e+00,1.00011501e+00
1.78702838e+08,1.00053705e+00,1.00024920e+00,1.00011565e+00
1.79202003e+08,1.00054005e+00,1.00025060e+00,1.00011630e+00
1.79701169e+08,1.00054307e+00,1.00025199e+00,1.00011695e+00
1.80200334e+08,1.00054609e+00,1.00025340e+00,1.00011760e+00
1.80699499e+08,1.00054912e+00,1.00025480e+00,1.00011825e+00
1.81198664e+08,1.00055216e+00,1.00025621e+00,1.00011891e+00
1.81697830e+08,1.00055521e+00,1.00025763e+00,1.00011956e+00
1.82196995e+08,1.00055827e+00,1.00025905e+00,1.00012022e+00
1.82696160e+08,1.00056133e+00,1.00026047e+00,1.00012088e+00
1.83195326e+08,1.00056440e+00,1.00026189e+00,1.00012154e+00
1.83694491e+08,1.00056749e+00,1.00026332e+00,1.00012221e+00
1.84193656e+08,1.00057058e+00,1.00026476e+00,1.00012287e+00
1.84692821e+08,1.00057367e+00,1.00026619e+00,1.00012354e+00
1.85191987e+08,1.00057678e+00,1.00026763e+00,1.00012421e+00
1.85691152e+08,1.00057990e+00,1.00026908e+00,1.00012488e+00
1.86190317e+08,1.00058302e+00,1.00027053e+00,1.00012555e+00
1.86689482e+08,1.00058615e+00,1.00027198e+00,1.00012622e+00
1.87188648e+08,1.00058929e+00,1.00027344e+00,1.00012690e+00
1.87687813e+08,1.00059244e+00,1.00027490e+00,1.00012758e+00
1.88186978e+08,1.00059560e+00,1.00027636e+00,1.00012826e+00
1.88686144e+08,1.00059877e+00,1.00027783e+00,1.00012894e+00
1.89185309e+08,1.00060194e+00,1.00027930e+00,1.00012962e+00
1.89684474e+08,1.00060512e+00,1.00028078e+00,1.00013031e+00
1.90183639e+08,1.00060831e+00,1.00028226e+00,1.00013099e+00
1.90682805e+08,1.00061151e+00,1.00028374e+00,1.00013168e+00
1.91181970e+08,1.00061472e+00,1.00028523e+00,1.00013237e+00
1.91681135e+08,1.00061794e+00,1.00028672e+00,1.00013306e+00
1.92180301e+08,1.00062116e+00,1.00028822e+00,1.00013376e+00
1.92679466e+08,1.00062439e+00,1.00028972e+00,1.00013445e+00
1.93178631e+08,1.00062763e+00,1.00029122e+00,1.00013515e+00
1.93677796e+08,1.00063088e+00,1.00029273e+00,1.00013585e+00
1.94176962e+08,1.00063414e+00,1.00029424e+00,1.00013655e+00
1.94676127e+08,1.00063741e+00,1.00029576e+00,1.00013726e+00
1.95175292e+08,1.00064068e+00,1.00029728e+00,1.00013796e+00
1.95674457e+08,1.00064397e+00,1.00029880e+00,1.00013867e+00
1.96173623e+08,1.00064726e+00,1.00030033e+00,1.00013938e+00
1.96672788e+08,1.00065056e+00,1.00030186e+00,1.00014009e+00
1.97171953e+08,1.00065387e+00,1.00030339e+00,1.00014080e+00
1.97671119e+08,1.00065719e+00,1.00030493e+00,1.00014151e+00
1.98170284e+08,1.00066051e+00,1.00030647e+00,1.00014223e+00
1.98669449e+08,1.00066384e+00,1.00030802e+00,1.00014295e+00
1.99168614e+08,1.00066719e+00,1.00030957e+00,1.00014366e+00
1.99667780e+08,1.00067054e+00,1.00031112e+00,1.00014439e+00
2.00166945e+08,1.00067390e+00,1.00031268e+00,1.00014511e+00
2.00666110e+08,1.00067726e+00,1.00031424e+00,1.00014583e+00
2.01165275e+08,1.00068064e+00,1.00031581e+00,1.00014656e+00
2.01664441e+08,1.00068402e+00,1.00031738e+00,1.00014729e+00
2.02163606e+08,1.00068742e+00,1.00031895e+00,1.00014802e+00
2.02662771e+08,1.00069082e+00,1.00032053e+00,1.00014875e+00
2.03161937e+08,1.00069423e+00,1.00032211e+00,1.00014948e+00
2.03661102e+08,1.00069765e+00,1.00032370e+00,1.00015022e+00
2.04160267e+08,1.00070107e+00,1.00032529e+00,1.00015096e+00
2.04659432e+08,1.00070451e+00,1.00032688e+00,1.00015170e+00
2.05158598e+08,1.00070795e+00,1.00032848e+00,1.00015244e+00
2.05657763e+08,1.00071140e+00,1.00033008e+00,1.00015318e+00
2.06156928e+08,1.00071486e+00,1.00033168e+00,1.00015393e+00
2.06656093e+08,1.00071833e+00,1.00033329e+00,1.00015467e+00
2.07155259e+08,1.00072181e+00,1.00033490e+00,1.00015542e+00
2.07654424e+08,1.00072529e+00,1.00033652e+00,1.00015617e+00
2.08153589e+08,1.00072879e+00,1.00033814e+00,1.00015692e+00
2.08652755e+08,1.00073229e+00,1.00033976e+00,1.00015768e+00
2.09151920e+08,1.00073580e+00,1.00034139e+00,1.00015843e+00
2.09651085e+08,1.00073932e+00,1.00034302e+00,1.00015919e+00
2.10150250e+08,1.00074284e+00,1.00034466e+00,1.00015995e+00
2.10649416e+08,1.00074638e+00,1.00034630e+00,1.00016071e+00
2.11148581e+08,1.00074992e+00,1.00034794e+00,1.00016147e+00
2.11647746e+08,1.00075348e+00,1.00034959e+00,1.00016223e+00
2.12146912e+08,1.00075704e+00,1.00035124e+00,1.00016300e+00
2.12646077e+08,1.00076061e+00,1.00035290e+00,1.00016377e+00
2.13145242e+08,1.00076419e+00,1.00035456e+00,1.00016454e+00
2.13644407e+08,1.00076777e+00,1.00035622e+00,1.00016531e+00
2.14143573e+08,1.00077137e+00,1.00035789e+00,1.00016608e+00
2.14642738e+08,1.00077497e+00,1.00035956e+00,1.00016686e+00
2.15141903e+08,1.00077858e+00,1.00036123e+00,1.00016764e+00
2.15641068e+08,1.00078220e+00,1.00036291e+00,1.00016842e+00
2.16140234e+08,1.00078583e+00,1.00036459e+00,1.00016920e+00
2.16639399e+08,1.00078947e+00,1.00036628e+00,1.00016998e+00
2.17138564e+08,1.00079311e+00,1.00036797e+00,1.00017076e+00
2.17637730e+08,1.00079676e+00,1.00036967e+00,1.00017155e+00
2.18136895e+08,1.00080043e+00,1.00037136e+00,1.00017234e+00
2.18636060e+08,1.00080410e+00,1.00037307e+00,1.00017313e+00
2.19135225e+08,1.00080778e+00,1.00037477e+00,1.00017392e+00
2.19634391e+08,1.00081146e+00,1.00037648e+00,1.00017471e+00
2.20133556e+08,1.00081516e+00,1.00037820e+00,1.00017551e+00
2.20632721e+08,1.00081886e+00,1.00037991e+00,1.00017630e+00
2.21131886e+08,1.00082257e+00,1.00038164e+00,1.00017710e+00
2.21631052e+08,1.00082630e+00,1.00038336e+00,1.00017790e+00
2.22130217e+08,1.00083003e+00,1.00038509e+00,1.00017871e+00
2.22629382e+08,1.00083376e+00,1.00038682e+00,1.00017951e+00
2.23128548e+08,1.00083751e+00,1.00038856e+00,1.00018032e+00
2.23627713e+08,1.00084126e+00,1.00039030e+00,1.00018112e+00
2.24126878e+08,1.00084503e+00,1.00039205e+00,1.00018193e+00
2.24626043e+08,1.00084880e+00,1.00039380e+00,1.00018275e+00
2.25125209e+08,1.00085258e+00,1.00039555e+00,1.00018356e+00
2.25624374e+08,1.00085637e+00,1.00039731e+00,1.00018437e+00
2.26123539e+08,1.00086016e+00,1.00039907e+00,1.00018519e+00
2.26622705e+08,1.00086397e+00,1.00040083e+00,1.00018601e+00
2.27121870e+08,1.00086778e+00,1.00040260e+00,1.00018683e+00
2.27621035e+08,1.00087160e+00,1.00040437e+00,1.00018765e+00
2.28120200e+08,1.00087543e+00,1.00040615e+00,1.00018848e+00
2.28619366e+08,1.00087927e+00,1.00040793e+00,1.00018930e+00
2.29118531e+08,1.00088312e+00,1.00040971e+00,1.00019013e+00
2.29617696e+08,1.00088697e+00,1.00041150e+00,1.00019096e+00
2.30116861e+08,1.00089084e+00,1.00041329e+00,1.00019179e+00
2.30616027e+08,1.00089471e+00,1.00041509e+00,1.00019262e+00
2.31115192e+08,1.00089859e+00,1.00041689e+00,1.00019346e+00
2.31614357e+08,1.00090248e+00,1.00041869e+00,1.00019430e+00
2.32113523e+08,1.00090638e+00,1.00042050e+00,1.00019513e+00
2.32612688e+08,1.00091028e+00,1.00042231e+00,1.00019597e+00
2.33111853e+08,1.00091420e+00,1.00042412e+00,1.00019682e+00
2.33611018e+08,1.00091812e+00,1.00042594e+00,1.00019766e+00
2.34110184e+08,1.00092205e+00,1.00042777e+00,1.00019851e+00
2.34609349e+08,1.00092599e+00,1.00042959e+00,1.00019935e+00
2.35108514e+08,1.00092994e+00,1.00043142e+00,1.00020020e+00
2.35607679e+08,1.00093390e+00,1.00043326e+00,1.00020105e+00
2.36106845e+08,1.00093786e+00,1.00043510e+00,1.00020191e+00
2.36606010e+08,1.00094184e+00,1.00043694e+00,1.00020276e+00
2.37105175e+08,1.00094582e+00,1.00043879e+00,1.00020362e+00
2.37604341e+08,1.00094981e+00,1.00044064e+00,1.00020448e+00
2.38103506e+08,1.00095381e+00,1.00044249e+00,1.00020534e+00
2.38602671e+08,1.00095782e+00,1.00044435e+00,1.00020620e+00
2.39101836e+08,1.00096183e+00,1.00044621e+00,1.00020706e+00
2.39601002e+08,1.00096585e+00,1.00044808e+00,1.00020793e+00
2.40100167e+08,1.00096989e+00,1.00044995e+00,1.00020880e+00
2.40599332e+08,1.00097393e+00,1.00045182e+00,1.00020967e+00
2.41098497e+08,1.00097798e+00,1.00045370e+00,1.00021054e+00
2.41597663e+08,1.00098203e+00,1.00045558e+00,1.00021141e+00
2.42096828e+08,1.00098610e+00,1.00045746e+00,1.00021228e+00
2.42595993e+08,1.00099018e+00,1.00045935e+00,1.00021316e+00
2.43095159e+08,1.00099426e+00,1.00046125e+00,1.00021404e+00
2.43594324e+08,1.00099835e+00,1.00046314e+00,1.00021492e+00
2.44093489e+08,1.00100245e+00,1.00046504e+00,1.00021580e+00
2.44592654e+08,1.00100656e+00,1.00046695e+00,1.00021668e+00
2.45091820e+08,1.00101067e+00,1.00046886e+00,1.00021757e+00
2.45590985e+08,1.00101480e+00,1.00047077e+00,1.00021846e+00
2.46090150e+08,1.00101893e+00,1.00047269e+00,1.00021935e+00
2.46589316e+08,1.00102308e+00,1.00047461e+00,1.00022024e+00
2.47088481e+08,1.00102723e+00,1.00047653e+00,1.00022113e+00
2.47587646e+08,1.00103138e+00,1.00047846e+00,1.00022202e+00
2.48086811e+08,1.00103555e+00,1.00048039e+00,1.00022292e+00
2.48585977e+08,1.00103973e+00,1.00048233e+00,1.00022382e+00
2.49085142e+08,1.00104391e+00,1.00048427e+00,1.00022472e+00
2.49584307e+08,1.00104810e+00,1.00048621e+00,1.00022562e+00
2.50083472e+08,1.00105231e+00,1.00048816e+00,1.00022652e+00
2.50582638e+08,1.00105651e+00,1.00049011e+00,1.00022743e+00
2.51081803e+08,1.00106073e+00,1.00049207e+00,1.00022834e+00
2.51580968e+08,1.00106496e+00,1.00049403e+00,1.00022925e+00
2.52080134e+08,1.00106919e+00,1.00049599e+00,1.00023016e+00
2.52579299e+08,1.00107344e+00,1.00049796e+00,1.00023107e+00
2.53078464e+08,1.00107769e+00,1.00049993e+00,1.00023198e+00
2.53577629e+08,1.00108195e+00,1.00050190e+00,1.00023290e+00
2.54076795e+08,1.00108622e+00,1.00050388e+00,1.00023382e+00
2.54575960e+08,1.00109049e+00,1.00050587e+00,1.00023474e+00
2.55075125e+08,1.00109478e+00,1.00050785e+00,1.00023566e+00
2.55574290e+08,1.00109907e+00,1.00050984e+00,1.00023658e+00
2.56073456e+08,1.00110337e+00,1.00051184e+00,1.00023751e+00
2.56572621e+08,1.00110769e+00,1.00051384e+00,1.00023844e+00
2.57071786e+08,1.00111200e+00,1.00051584e+00,1.00023936e+00
2.57570952e+08,1.00111633e+00,1.00051784e+00,1.00024030e+00
2.58070117e+08,1.00112067e+00,1.00051985e+00,1.00024123e+00
2.58569282e+08,1.00112501e+00,1.00052187e+00,1.00024216e+00
2.59068447e+08,1.00112936e+00,1.00052389e+00,1.00024310e+00
2.59567613e+08,1.00113373e+00,1.00052591e+00,1.00024404e+00
2.60066778e+08,1.00113810e+00,1.00052793e+00,1.00024498e+00
2.60565943e+08,1.00114247e+00,1.00052996e+00,1.00024592e+00
2.61065109e+08,1.00114686e+00,1.00053200e+00,1.00024686e+00
2.61564274e+08,1.00115125e+00,1.00053403e+00,1.00024781e+00
2.62063439e+08,1.00115566e+00,1.00053608e+00,1.00024875e+00
2.62562604e+08,1.00116007e+00,1.00053812e+00,1.00024970e+00
2.63061770e+08,1.00116449e+00,1.00054017e+00,1.00025065e+00
2.63560935e+08,1.00116892e+00,1.00054222e+00,1.00025160e+00
2.64060100e+08,1.00117336e+00,1.00054428e+00,1.00025256e+00
2.64559265e+08,1.00117780e+00,1.00054634e+00,1.00025351e+00
2.65058431e+08,1.00118226e+00,1.00054841e+00,1.00025447e+00
2.65557596e+08,1.00118672e+00,1.00055047e+00,1.00025543e+00
2.66056761e+08,1.00119119e+00,1.00055255e+00,1.00025639e+00
2.66555927e+08,1.00119567e+00,1.00055462e+00,1.00025736e+00
2.67055092e+08,1.00120016e+00,1.00055670e+00,1.00025832e+00
2.67554257e+08,1.00120465e+00,1.00055879e+00,1.00025929e+00
2.68053422e+08,1.00120916e+00,1.00056088e+00,1.00026026e+00
2.68552588e+08,1.00121367e+00,1.00056297e+00,1.00026123e+00
2.69051753e+08,1.00121819e+00,1.00056506e+00,1.00026220e+00
2.69550918e+08,1.00122272e+00,1.00056716e+00,1.00026317e+00
2.70050083e+08,1.00122726e+00,1.00056927e+00,1.00026415e+00
2.70549249e+08,1.00123181e+00,1.00057137e+00,1.00026513e+00
2.71048414e+08,1.00123636e+00,1.00057349e+00,1.00026611e+00
2.71547579e+08,1.00124092e+00,1.00057560e+00,1.00026709e+00
2.72046745e+08,1.00124550e+00,1.00057772e+00,1.00026807e+00
2.72545910e+08,1.00125008e+00,1.00057984e+00,1.00026906e+00
2.73045075e+08,1.00125467e+00,1.00058197e+00,1.00027004e+00
2.73544240e+08,1.00125926e+00,1.00058410e+00,1.00027103e+00
2.74043406e+08,1.00126387e+00,1.00058624e+00,1.00027202e+00
2.74542571e+08,1.00126848e+00,1.00058838e+00,1.00027301e+00
2.75041736e+08,1.00127311e+00,1.00059052e+00,1.00027401e+00
2.75540902e+08,1.00127774e+00,1.00059267e+00,1.00027500e+00
2.76040067e+08,1.00128238e+00,1.00059482e+00,1.00027600e+00
2.76539232e+08,1.00128702e+00,1.00059697e+00,1.00027700e+00
2.77038397e+08,1.00129168e+00,1.00059913e+00,1.00027800e+00
2.77537563e+08,1.00129635e+00,1.00060129e+00,1.00027900e+00
2.78036728e+08,1.00130102e+00,1.00060346e+00,1.00028001e+00
2.78535893e+08,1.00130570e+00,1.00060563e+00,1.00028102e+00
2.79035058e+08,1.00131039e+00,1.00060780e+00,1.00028202e+00
2.79534224e+08,1.00131509e+00,1.00060998e+00,1.00028303e+00
2.80033389e+08,1.00131980e+00,1.00061216e+00,1.00028405e+00
2.80532554e+08,1.00132451e+00,1.00061435e+00,1.00028506e+00
2.81031720e+08,1.00132924e+00,1.00061654e+00,1.00028608e+00
2.81530885e+08,1.00133397e+00,1.00061873e+00,1.00028709e+00
2.82030050e+08,1.00133871e+00,1.00062093e+00,1.00028811e+00
2.82529215e+08,1.00134346e+00,1.00062313e+00,1.00028913e+00
2.83028381e+08,1.00134822e+00,1.00062533e+00,1.00029016e+00
2.83527546e+08,1.00135298e+00,1.00062754e+00,1.00029118e+00
2.84026711e+08,1.00135776e+00,1.00062976e+00,1.00029221e+00
2.84525876e+08,1.00136254e+00,1.00063197e+00,1.00029324e+00
2.85025042e+08,1.00136733e+00,1.00063419e+00,1.00029427e+00
2.85524207e+08,1.00137213e+00,1.00063642e+00,1.00029530e+00
2.86023372e+08,1.00137694e+00,1.00063865e+00,1.00029633e+00
2.86522538e+08,1.00138176e+00,1.00064088e+00,1.00029737e+00
2.87021703e+08,1.00138658e+00,1.00064312e+00,1.00029840e+00
2.87520868e+08,1.00139142e+00,1.00064536e+00,1.00029944e+00
2.88020033e+08,1.00139626e+00,1.00064760e+00,1.00030048e+00
2.88519199e+08,1.00140111e+00,1.00064985e+00,1.00030153e+00
2.89018364e+08,1.00140597e+00,1.00065210e+00,1.00030257e+00
2.89517529e+08,1.00141084e+00,1.00065436e+00,1.00030362e+00
2.90016694e+08,1.00141571e+00,1.00065662e+00,1.00030467e+00
2.90515860e+08,1.00142060e+00,1.00065888e+00,1.00030572e+00
2.91015025e+08,1.00142549e+00,1.00066115e+00,1.00030677e+00
2.91514190e+08,1.00143039e+00,1.00066342e+00,1.00030782e+00
2.92013356e+08,1.00143530e+00,1.00066569e+00,1.00030888e+00
2.92512521e+08,1.00144022e+00,1.00066797e+00,1.00030993e+00
2.93011686e+08,1.00144515e+00,1.00067026e+00,1.00031099e+00
2.93510851e+08,1.00145008e+00,1.00067254e+00,1.00031205e+00
2.94010017e+08,1.00145502e+00,1.00067483e+00,1.00031312e+00
2.94509182e+08,1.00145998e+00,1.00067713e+00,1.00031418e+00
2.95008347e+08,1.00146494e+00,1.00067943e+00,1.00031525e+00
2.95507513e+08,1.00146991e+00,1.00068173e+00,1.00031632e+00
2.96006678e+08,1.00147488e+00,1.00068404e+00,1.00031739e+00
2.96505843e+08,1.00147987e+00,1.00068635e+00,1.00031846e+00
2.97005008e+08,1.00148486e+00,1.00068866e+00,1.00031953e+00
2.97504174e+08,1.00148987e+00,1.00069098e+00,1.00032061e+00
2.98003339e+08,1.00149488e+00,1.00069330e+00,1.00032168e+00
2.98502504e+08,1.00149990e+00,1.00069563e+00,1.00032276e+00
2.99001669e+08,1.00150492e+00,1.00069796e+00,1.00032384e+00
2.99500835e+08,1.00150996e+00,1.00070029e+00,1.00032493e+00
3.00000000e+08,1.00151501e+00,1.00070263e+00,1.00032601e+00
