# Fig. 7: singular points of Eq. (16); analytic = Eq. (19), numerical = zeros of the denominator of Eq. (16)
alpha_s-1,k_e_analytic_cm-1,k_i_analytic_cm-1,k_e_numerical_cm-1,k_i_numerical_cm-1
1.00000000e+10,1.33555941e+01,7.18410298e+04,1.33555923e+01,7.18410392e+04
1.10150153e+10,1.47112073e+01,7.91330045e+04,1.47112054e+01,7.91330149e+04
1.21330563e+10,1.62044174e+01,8.71651258e+04,1.62044153e+01,8.71651372e+04
1.33645801e+10,1.78491906e+01,9.60125197e+04,1.78491883e+01,9.60125323e+04
1.47211055e+10,1.96609109e+01,1.05757938e+05,1.96609083e+01,1.05757952e+05
1.62153202e+10,2.16565235e+01,1.16492530e+05,2.16565206e+01,1.16492546e+05
1.78612001e+10,2.38546938e+01,1.28316701e+05,2.38546907e+01,1.28316718e+05
1.96741393e+10,2.62759818e+01,1.41341043e+05,2.62759784e+01,1.41341061e+05
2.16710946e+10,2.89430342e+01,1.55687375e+05,2.89430304e+01,1.55687396e+05
2.38707439e+10,3.18807966e+01,1.71489883e+05,3.18807924e+01,1.71489905e+05
2.62936610e+10,3.51167463e+01,1.88896369e+05,3.51167417e+01,1.88896394e+05
2.89625080e+10,3.86811499e+01,2.08069640e+05,3.86811449e+01,2.08069667e+05
3.19022469e+10,4.26073459e+01,2.29189027e+05,4.26073404e+01,2.29189057e+05
3.51403739e+10,4.69320569e+01,2.52452065e+05,4.69320507e+01,2.52452098e+05
3.87071757e+10,5.16957326e+01,2.78076337e+05,5.16957259e+01,2.78076373e+05
4.26360134e+10,5.69429287e+01,3.06301511e+05,5.69429213e+01,3.06301551e+05
4.69636341e+10,6.27227233e+01,3.37391584e+05,6.27227151e+01,3.37391628e+05
5.17305150e+10,6.90891759e+01,3.71637347e+05,6.90891669e+01,3.71637396e+05
5.69812416e+10,7.61018332e+01,4.09359108e+05,7.61018232e+01,4.09359162e+05
6.27649250e+10,8.38262860e+01,4.50909685e+05,8.38262750e+01,4.50909744e+05
6.91356611e+10,9.23347825e+01,4.96677709e+05,9.23347704e+01,4.96677774e+05
7.61530367e+10,1.01706905e+02,5.47091258e+05,1.01706891e+02,5.47091330e+05
8.38826867e+10,1.12030311e+02,6.02621860e+05,1.12030297e+02,6.02621939e+05
9.23969080e+10,1.23401560e+02,6.63788902e+05,1.23401543e+02,6.63788990e+05
1.01775336e+11,1.35927007e+02,7.31164494e+05,1.35926989e+02,7.31164590e+05
1.12105689e+11,1.49723807e+02,8.05378811e+05,1.49723787e+02,8.05378917e+05
1.23484588e+11,1.64921003e+02,8.87125995e+05,1.64920981e+02,8.87126112e+05
1.36018463e+11,1.81660737e+02,9.77170644e+05,1.81660714e+02,9.77170772e+05
1.49824545e+11,2.00099581e+02,1.07635496e+06,2.00099555e+02,1.07635510e+06
1.65031966e+11,2.20409995e+02,1.18560664e+06,2.20409966e+02,1.18560680e+06
1.81782964e+11,2.42781947e+02,1.30594753e+06,2.42781916e+02,1.30594770e+06
2.00234214e+11,2.67424687e+02,1.43850321e+06,2.67424652e+02,1.43850340e+06
2.20558293e+11,2.94568703e+02,1.58451349e+06,2.94568665e+02,1.58451370e+06
2.42945298e+11,3.24467878e+02,1.74534404e+06,3.24467836e+02,1.74534427e+06
2.67604618e+11,3.57401865e+02,1.92249914e+06,3.57401818e+02,1.92249939e+06
2.94766898e+11,3.93678703e+02,2.11763575e+06,3.93678651e+02,2.11763603e+06
3.24686190e+11,4.33637694e+02,2.33257902e+06,4.33637638e+02,2.33257933e+06
3.57642336e+11,4.77652585e+02,2.56933937e+06,4.77652523e+02,2.56933971e+06
3.93943581e+11,5.26135055e+02,2.83013125e+06,5.26134986e+02,2.83013163e+06
4.33929459e+11,5.79538570e+02,3.11739392e+06,5.79538494e+02,3.11739433e+06
4.77973964e+11,6.38362623e+02,3.43381418e+06,6.38362540e+02,3.43381463e+06
5.26489054e+11,7.03157408e+02,3.78235158e+06,7.03157316e+02,3.78235208e+06
5.79928500e+11,7.74528963e+02,4.16626607e+06,7.74528862e+02,4.16626662e+06
6.38792132e+11,8.53144841e+02,4.58914846e+06,8.53144729e+02,4.58914906e+06
7.03630513e+11,9.39740350e+02,5.05495407e+06,9.39740227e+02,5.05495473e+06
7.75050089e+11,1.03512544e+03,5.56803966e+06,1.03512530e+03,5.56804039e+06
8.53718862e+11,1.14019226e+03,6.13320422e+06,1.14019211e+03,6.13320502e+06
9.40372635e+11,1.25592352e+03,6.75573385e+06,1.25592335e+03,6.75573474e+06
1.03582190e+12,1.38340168e+03,7.44145119e+06,1.38340150e+03,7.44145217e+06
1.14095941e+12,1.52381907e+03,8.19676990e+06,1.52381887e+03,8.19677098e+06
1.25676854e+12,1.67848904e+03,9.02875461e+06,1.67848882e+03,9.02875580e+06
1.38433247e+12,1.84885826e+03,9.94518705e+06,1.84885801e+03,9.94518836e+06
1.52484434e+12,2.03652020e+03,1.09546388e+07,2.03651994e+03,1.09546402e+07
1.67961838e+12,2.24323013e+03,1.20665514e+07,2.24322983e+03,1.20665530e+07
1.85010222e+12,2.47092142e+03,1.32913249e+07,2.47092110e+03,1.32913266e+07
2.03789043e+12,2.72172374e+03,1.46404147e+07,2.72172338e+03,1.46404167e+07
2.24473944e+12,2.99798287e+03,1.61264393e+07,2.99798248e+03,1.61264414e+07
2.47258393e+12,3.30228273e+03,1.77632976e+07,3.30228229e+03,1.77632999e+07
2.72355499e+12,3.63746949e+03,1.95662995e+07,3.63746901e+03,1.95663021e+07
3.00000000e+12,4.00667822e+03,2.15523089e+07,4.00667769e+03,2.15523118e+07
